subject_id,qc_category,qc_score_overall,vol_ct,vol_real,abs_diff,rel_diff_pct,general white matter,general grey matter,general csf,cerebellum,brainstem,thalamus,putamen+pallidum,hippocampus+amygdala,ct_image_path,mr_image_path
sub-1309816,1_VERY_LOW (<0.5),0.041525000000000006,0.001021380172694898,0.006802370885140858,0.00578099071244596,-84.98493848775568,0.0512,0.1847,0.0261,0.0017,0.0377,0.0053,0.0075,0.018,/mnt/NAS-Progetti/BrainAtrophy/DATASET/RF/derivatives/synthseg_ct/sub-1309816/segmentation.nii.gz,/mnt/NAS-Progetti/BrainAtrophy/DATASET/RF/derivatives/synthseg/sub-1309816/segmentation.nii.gz
sub-1249995,2_LOW (0.5-0.7),0.6080625,0.0026556782822685226,0.007228306991403545,0.004572628709135022,-63.26002360681612,0.7289,0.5977,0.5938,0.4084,0.2358,0.7818,0.8869,0.6312,/mnt/NAS-Progetti/BrainAtrophy/DATASET/RF/derivatives/synthseg_ct/sub-1249995/segmentation.nii.gz,/mnt/NAS-Progetti/BrainAtrophy/DATASET/RF/derivatives/synthseg/sub-1249995/segmentation.nii.gz
sub-1387438,2_LOW (0.5-0.7),0.6238374999999999,0.0011403170196475829,0.0057311245938496125,0.004590807574202029,-80.1030844649352,0.7962,0.6488,0.6236,0.6218,0.3412,0.7689,0.8799,0.3103,/mnt/NAS-Progetti/BrainAtrophy/DATASET/RF/derivatives/synthseg_ct/sub-1387438/segmentation.nii.gz,/mnt/NAS-Progetti/BrainAtrophy/DATASET/RF/derivatives/synthseg/sub-1387438/segmentation.nii.gz
sub-1375534,2_LOW (0.5-0.7),0.6685749999999999,0.002852340128126913,0.005709836225892693,0.00285749609776578,-50.04514989077521,0.7303,0.5949,0.8448,0.5234,0.4713,0.7996,0.8519,0.5324,/mnt/NAS-Progetti/BrainAtrophy/DATASET/RF/derivatives/synthseg_ct/sub-1375534/segmentation.nii.gz,/mnt/NAS-Progetti/BrainAtrophy/DATASET/RF/derivatives/synthseg/sub-1375534/segmentation.nii.gz
sub-65643,2_LOW (0.5-0.7),0.6695999999999999,0.002702848912990138,0.0049248095301241065,0.0022219606171339687,-45.11769650262951,0.7865,0.6225,0.8121,0.2924,0.485,0.8217,0.8772,0.6594,/mnt/NAS-Progetti/BrainAtrophy/DATASET/RF/derivatives/synthseg_ct/sub-65643/segmentation.nii.gz,/mnt/NAS-Progetti/BrainAtrophy/DATASET/RF/derivatives/synthseg/sub-65643/segmentation.nii.gz
sub-1341441,2_LOW (0.5-0.7),0.6969500000000001,0.003118363242431117,0.005399734509942518,0.0022813712675114005,-42.24969326382097,0.7954,0.628,0.7019,0.7264,0.5393,0.7719,0.886,0.5267,/mnt/NAS-Progetti/BrainAtrophy/DATASET/RF/derivatives/synthseg_ct/sub-1341441/segmentation.nii.gz,/mnt/NAS-Progetti/BrainAtrophy/DATASET/RF/derivatives/synthseg/sub-1341441/segmentation.nii.gz
sub-660318,3_MEDIUM_LOW (0.7-0.75),0.7070375,0.00289269514232963,0.005739105693669554,0.0028464105513399235,-49.596761294701714,0.79,0.6257,0.813,0.6472,0.5407,0.8151,0.8601,0.5645,/mnt/NAS-Progetti/BrainAtrophy/DATASET/RF/derivatives/synthseg_ct/sub-660318/segmentation.nii.gz,/mnt/NAS-Progetti/BrainAtrophy/DATASET/RF/derivatives/synthseg/sub-660318/segmentation.nii.gz
sub-1372212,3_MEDIUM_LOW (0.7-0.75),0.714875,0.0025426102732174737,0.005956871215976239,0.0034142609427587657,-57.316346433707835,0.7716,0.6009,0.7287,0.657,0.6197,0.8063,0.9099,0.6249,/mnt/NAS-Progetti/BrainAtrophy/DATASET/RF/derivatives/synthseg_ct/sub-1372212/segmentation.nii.gz,/mnt/NAS-Progetti/BrainAtrophy/DATASET/RF/derivatives/synthseg/sub-1372212/segmentation.nii.gz
sub-1182607,3_MEDIUM_LOW (0.7-0.75),0.7343500000000001,0.004704345473032657,0.005683741984544761,0.000979396511512104,-17.231544186475748,0.81,0.6248,0.769,0.5941,0.5828,0.8242,0.885,0.7849,/mnt/NAS-Progetti/BrainAtrophy/DATASET/RF/derivatives/synthseg_ct/sub-1182607/segmentation.nii.gz,/mnt/NAS-Progetti/BrainAtrophy/DATASET/RF/derivatives/synthseg/sub-1182607/segmentation.nii.gz
sub-1252074,3_MEDIUM_LOW (0.7-0.75),0.7344624999999999,0.004115787852077759,0.0061695110466053705,0.0020537231945276114,-33.288265131766394,0.7953,0.6379,0.6282,0.7551,0.6588,0.8016,0.854,0.7448,/mnt/NAS-Progetti/BrainAtrophy/DATASET/RF/derivatives/synthseg_ct/sub-1252074/segmentation.nii.gz,/mnt/NAS-Progetti/BrainAtrophy/DATASET/RF/derivatives/synthseg/sub-1252074/segmentation.nii.gz
sub-1287396,3_MEDIUM_LOW (0.7-0.75),0.742325,0.00335362765056374,0.004735623828432977,0.001381996177869237,-29.18298048868761,0.7832,0.6279,0.7036,0.7525,0.6913,0.8067,0.8559,0.7175,/mnt/NAS-Progetti/BrainAtrophy/DATASET/RF/derivatives/synthseg_ct/sub-1287396/segmentation.nii.gz,/mnt/NAS-Progetti/BrainAtrophy/DATASET/RF/derivatives/synthseg/sub-1287396/segmentation.nii.gz
sub-1294361,3_MEDIUM_LOW (0.7-0.75),0.7467374999999998,0.0035396374333359253,0.004452191495361168,0.0009125540620252429,-20.49673880775461,0.769,0.6071,0.8629,0.7992,0.6411,0.786,0.8228,0.6858,/mnt/NAS-Progetti/BrainAtrophy/DATASET/RF/derivatives/synthseg_ct/sub-1294361/segmentation.nii.gz,/mnt/NAS-Progetti/BrainAtrophy/DATASET/RF/derivatives/synthseg/sub-1294361/segmentation.nii.gz
sub-1309950,3_MEDIUM_LOW (0.7-0.75),0.7484875,0.004644164139300769,0.0054450767274791595,0.0008009125881783905,-14.708931173301929,0.7756,0.6429,0.6079,0.768,0.726,0.8041,0.8823,0.7811,/mnt/NAS-Progetti/BrainAtrophy/DATASET/RF/derivatives/synthseg_ct/sub-1309950/segmentation.nii.gz,/mnt/NAS-Progetti/BrainAtrophy/DATASET/RF/derivatives/synthseg/sub-1309950/segmentation.nii.gz
sub-1369564,4_MEDIUM (0.75-0.80),0.7538374999999999,0.004678907824697524,0.006265533300259256,0.0015866254755617318,-25.323071469368465,0.7941,0.6318,0.7196,0.668,0.7046,0.8404,0.9026,0.7696,/mnt/NAS-Progetti/BrainAtrophy/DATASET/RF/derivatives/synthseg_ct/sub-1369564/segmentation.nii.gz,/mnt/NAS-Progetti/BrainAtrophy/DATASET/RF/derivatives/synthseg/sub-1369564/segmentation.nii.gz
sub-1212986,4_MEDIUM (0.75-0.80),0.75465,0.004121213910949347,0.004553053715392279,0.00043183980444293224,-9.484619146552856,0.7999,0.6429,0.6884,0.6926,0.7316,0.8365,0.8803,0.765,/mnt/NAS-Progetti/BrainAtrophy/DATASET/RF/derivatives/synthseg_ct/sub-1212986/segmentation.nii.gz,/mnt/NAS-Progetti/BrainAtrophy/DATASET/RF/derivatives/synthseg/sub-1212986/segmentation.nii.gz
sub-1394815,4_MEDIUM (0.75-0.80),0.7550250000000001,0.0041383527934402775,0.005318021464312946,0.0011796686708726682,-22.18247291382593,0.7954,0.65,0.751,0.7043,0.6811,0.8277,0.8688,0.7619,/mnt/NAS-Progetti/BrainAtrophy/DATASET/RF/derivatives/synthseg_ct/sub-1394815/segmentation.nii.gz,/mnt/NAS-Progetti/BrainAtrophy/DATASET/RF/derivatives/synthseg/sub-1394815/segmentation.nii.gz
sub-971309,4_MEDIUM (0.75-0.80),0.7642500000000001,0.004856064805904168,0.005380886706715913,0.0005248219008117446,-9.75344640051075,0.7803,0.6286,0.8235,0.7587,0.6695,0.8287,0.8562,0.7685,/mnt/NAS-Progetti/BrainAtrophy/DATASET/RF/derivatives/synthseg_ct/sub-971309/segmentation.nii.gz,/mnt/NAS-Progetti/BrainAtrophy/DATASET/RF/derivatives/synthseg/sub-971309/segmentation.nii.gz
sub-629621,4_MEDIUM (0.75-0.80),0.766025,0.004675428843552275,0.006164828070103698,0.0014893992265514232,-24.159623100833212,0.7949,0.6374,0.7411,0.7914,0.6747,0.8252,0.8718,0.7917,/mnt/NAS-Progetti/BrainAtrophy/DATASET/RF/derivatives/synthseg_ct/sub-629621/segmentation.nii.gz,/mnt/NAS-Progetti/BrainAtrophy/DATASET/RF/derivatives/synthseg/sub-629621/segmentation.nii.gz
sub-1307952,4_MEDIUM (0.75-0.80),0.766475,0.003574613121612508,0.004879217222880828,0.0013046041012683201,-26.737979509304253,0.7802,0.6034,0.841,0.7199,0.8147,0.8258,0.802,0.7448,/mnt/NAS-Progetti/BrainAtrophy/DATASET/RF/derivatives/synthseg_ct/sub-1307952/segmentation.nii.gz,/mnt/NAS-Progetti/BrainAtrophy/DATASET/RF/derivatives/synthseg/sub-1307952/segmentation.nii.gz
sub-1164158,4_MEDIUM (0.75-0.80),0.7674999999999998,0.004449247473282933,0.005017611966728222,0.000568364493445289,-11.327390344532681,0.7996,0.6583,0.8156,0.7618,0.6517,0.8148,0.8534,0.7848,/mnt/NAS-Progetti/BrainAtrophy/DATASET/RF/derivatives/synthseg_ct/sub-1164158/segmentation.nii.gz,/mnt/NAS-Progetti/BrainAtrophy/DATASET/RF/derivatives/synthseg/sub-1164158/segmentation.nii.gz
sub-1206913,4_MEDIUM (0.75-0.80),0.7684500000000001,0.00480350475257741,0.006255009444000126,0.0014515046914227161,-23.205475617866817,0.8013,0.6513,0.7867,0.7535,0.6619,0.8466,0.8716,0.7747,/mnt/NAS-Progetti/BrainAtrophy/DATASET/RF/derivatives/synthseg_ct/sub-1206913/segmentation.nii.gz,/mnt/NAS-Progetti/BrainAtrophy/DATASET/RF/derivatives/synthseg/sub-1206913/segmentation.nii.gz
sub-1309056,4_MEDIUM (0.75-0.80),0.7708875,0.004226115458251739,0.006034421470348933,0.0018083060120971939,-29.966518264966847,0.7897,0.6533,0.7745,0.799,0.6859,0.8161,0.8751,0.7735,/mnt/NAS-Progetti/BrainAtrophy/DATASET/RF/derivatives/synthseg_ct/sub-1309056/segmentation.nii.gz,/mnt/NAS-Progetti/BrainAtrophy/DATASET/RF/derivatives/synthseg/sub-1309056/segmentation.nii.gz
sub-1285588,4_MEDIUM (0.75-0.80),0.7716500000000001,0.004390538612545944,0.004453387901514183,6.284928896823933e-05,-1.4112691361754077,0.8047,0.6543,0.729,0.7695,0.7306,0.8173,0.8748,0.793,/mnt/NAS-Progetti/BrainAtrophy/DATASET/RF/derivatives/synthseg_ct/sub-1285588/segmentation.nii.gz,/mnt/NAS-Progetti/BrainAtrophy/DATASET/RF/derivatives/synthseg/sub-1285588/segmentation.nii.gz
sub-1411167,4_MEDIUM (0.75-0.80),0.7723500000000001,0.003992592562529635,0.00459656182338299,0.0006039692608533547,-13.13958745819378,0.7896,0.6215,0.8074,0.7855,0.7321,0.8354,0.8457,0.7616,/mnt/NAS-Progetti/BrainAtrophy/DATASET/RF/derivatives/synthseg_ct/sub-1411167/segmentation.nii.gz,/mnt/NAS-Progetti/BrainAtrophy/DATASET/RF/derivatives/synthseg/sub-1411167/segmentation.nii.gz
sub-1419664,4_MEDIUM (0.75-0.80),0.7737875000000001,0.003941317721632862,0.006121625117006356,0.0021803073953734946,-35.61648016172093,0.8116,0.643,0.7209,0.7157,0.8077,0.8398,0.8736,0.778,/mnt/NAS-Progetti/BrainAtrophy/DATASET/RF/derivatives/synthseg_ct/sub-1419664/segmentation.nii.gz,/mnt/NAS-Progetti/BrainAtrophy/DATASET/RF/derivatives/synthseg/sub-1419664/segmentation.nii.gz
sub-724650,4_MEDIUM (0.75-0.80),0.7765125,0.004097819646331825,0.004484617515511579,0.00038679786917975457,-8.624991269420017,0.8023,0.6517,0.8164,0.7844,0.6652,0.8292,0.8752,0.7877,/mnt/NAS-Progetti/BrainAtrophy/DATASET/RF/derivatives/synthseg_ct/sub-724650/segmentation.nii.gz,/mnt/NAS-Progetti/BrainAtrophy/DATASET/RF/derivatives/synthseg/sub-724650/segmentation.nii.gz
sub-1417956,4_MEDIUM (0.75-0.80),0.777325,0.0036809231343750124,0.004388640871980121,0.0007077177376051086,-16.12612556483328,0.7853,0.6337,0.8541,0.7855,0.7321,0.8261,0.8466,0.7552,/mnt/NAS-Progetti/BrainAtrophy/DATASET/RF/derivatives/synthseg_ct/sub-1417956/segmentation.nii.gz,/mnt/NAS-Progetti/BrainAtrophy/DATASET/RF/derivatives/synthseg/sub-1417956/segmentation.nii.gz
sub-995762,4_MEDIUM (0.75-0.80),0.7800374999999999,0.004610234156614271,0.006029405840574889,0.0014191716839606176,-23.537504714151122,0.7978,0.6279,0.7717,0.763,0.7823,0.8579,0.8515,0.7882,/mnt/NAS-Progetti/BrainAtrophy/DATASET/RF/derivatives/synthseg_ct/sub-995762/segmentation.nii.gz,/mnt/NAS-Progetti/BrainAtrophy/DATASET/RF/derivatives/synthseg/sub-995762/segmentation.nii.gz
sub-1320667,4_MEDIUM (0.75-0.80),0.782,0.004389350842694853,0.00567678280208654,0.001287431959391687,-22.678901136018144,0.807,0.6697,0.8096,0.7793,0.6937,0.8351,0.8853,0.7763,/mnt/NAS-Progetti/BrainAtrophy/DATASET/RF/derivatives/synthseg_ct/sub-1320667/segmentation.nii.gz,/mnt/NAS-Progetti/BrainAtrophy/DATASET/RF/derivatives/synthseg/sub-1320667/segmentation.nii.gz
sub-1255198,4_MEDIUM (0.75-0.80),0.7834000000000001,0.005015702011622353,0.00553590989343036,0.0005202078818080077,-9.396971623858164,0.7856,0.6562,0.6962,0.8162,0.8624,0.8352,0.8294,0.786,/mnt/NAS-Progetti/BrainAtrophy/DATASET/RF/derivatives/synthseg_ct/sub-1255198/segmentation.nii.gz,/mnt/NAS-Progetti/BrainAtrophy/DATASET/RF/derivatives/synthseg/sub-1255198/segmentation.nii.gz
sub-868320,4_MEDIUM (0.75-0.80),0.7875375,0.004518482501106598,0.0055491054462810194,0.0010306229451744215,-18.572776371822947,0.8119,0.6444,0.7948,0.7945,0.7771,0.8361,0.8428,0.7987,/mnt/NAS-Progetti/BrainAtrophy/DATASET/RF/derivatives/synthseg_ct/sub-868320/segmentation.nii.gz,/mnt/NAS-Progetti/BrainAtrophy/DATASET/RF/derivatives/synthseg/sub-868320/segmentation.nii.gz
sub-1137632,4_MEDIUM (0.75-0.80),0.7878375000000001,0.0045969519479506765,0.005756299473527835,0.0011593475255771589,-20.140500523101434,0.7753,0.6277,0.8608,0.8445,0.753,0.8204,0.8402,0.7808,/mnt/NAS-Progetti/BrainAtrophy/DATASET/RF/derivatives/synthseg_ct/sub-1137632/segmentation.nii.gz,/mnt/NAS-Progetti/BrainAtrophy/DATASET/RF/derivatives/synthseg/sub-1137632/segmentation.nii.gz
sub-1293262,4_MEDIUM (0.75-0.80),0.7884375,0.0051711406499119605,0.005224623029870801,5.348237995884096e-05,-1.0236600737137491,0.8093,0.6498,0.6793,0.8357,0.8373,0.8399,0.8655,0.7907,/mnt/NAS-Progetti/BrainAtrophy/DATASET/RF/derivatives/synthseg_ct/sub-1293262/segmentation.nii.gz,/mnt/NAS-Progetti/BrainAtrophy/DATASET/RF/derivatives/synthseg/sub-1293262/segmentation.nii.gz
sub-1301416,4_MEDIUM (0.75-0.80),0.7894124999999999,0.003945387065333878,0.004418880707369773,0.0004734936420358951,-10.71523929682479,0.7825,0.6586,0.8528,0.8112,0.8528,0.8006,0.8127,0.7441,/mnt/NAS-Progetti/BrainAtrophy/DATASET/RF/derivatives/synthseg_ct/sub-1301416/segmentation.nii.gz,/mnt/NAS-Progetti/BrainAtrophy/DATASET/RF/derivatives/synthseg/sub-1301416/segmentation.nii.gz
sub-1356595,4_MEDIUM (0.75-0.80),0.7921125,0.004277381487706287,0.00394466927348312,0.00033271221422316675,8.434476787692363,0.773,0.6242,0.8569,0.8499,0.8729,0.8057,0.8046,0.7497,/mnt/NAS-Progetti/BrainAtrophy/DATASET/RF/derivatives/synthseg_ct/sub-1356595/segmentation.nii.gz,/mnt/NAS-Progetti/BrainAtrophy/DATASET/RF/derivatives/synthseg/sub-1356595/segmentation.nii.gz
sub-1301533,4_MEDIUM (0.75-0.80),0.7922125,0.0051310107778793045,0.005054676762622126,7.633401525717828e-05,1.5101661063996468,0.7979,0.6541,0.7881,0.8344,0.8358,0.8207,0.8265,0.7802,/mnt/NAS-Progetti/BrainAtrophy/DATASET/RF/derivatives/synthseg_ct/sub-1301533/segmentation.nii.gz,/mnt/NAS-Progetti/BrainAtrophy/DATASET/RF/derivatives/synthseg/sub-1301533/segmentation.nii.gz
sub-1381141,4_MEDIUM (0.75-0.80),0.7923874999999999,0.004154435807943275,0.004206909938592967,5.247413064969186e-05,-1.2473319233271303,0.8127,0.6394,0.8029,0.8324,0.8218,0.8235,0.8304,0.776,/mnt/NAS-Progetti/BrainAtrophy/DATASET/RF/derivatives/synthseg_ct/sub-1381141/segmentation.nii.gz,/mnt/NAS-Progetti/BrainAtrophy/DATASET/RF/derivatives/synthseg/sub-1381141/segmentation.nii.gz
sub-1333345,4_MEDIUM (0.75-0.80),0.794575,0.0043875103822672455,0.00530856635704883,0.0009210559747815849,-17.350371321224735,0.7958,0.671,0.8426,0.8262,0.798,0.831,0.8315,0.7605,/mnt/NAS-Progetti/BrainAtrophy/DATASET/RF/derivatives/synthseg_ct/sub-1333345/segmentation.nii.gz,/mnt/NAS-Progetti/BrainAtrophy/DATASET/RF/derivatives/synthseg/sub-1333345/segmentation.nii.gz
sub-1296055,4_MEDIUM (0.75-0.80),0.7948125000000001,0.0037823490522653283,0.004427537983405862,0.0006451889311405333,-14.572182860060408,0.7957,0.65,0.8557,0.8217,0.8585,0.8276,0.807,0.7423,/mnt/NAS-Progetti/BrainAtrophy/DATASET/RF/derivatives/synthseg_ct/sub-1296055/segmentation.nii.gz,/mnt/NAS-Progetti/BrainAtrophy/DATASET/RF/derivatives/synthseg/sub-1296055/segmentation.nii.gz
sub-49191,4_MEDIUM (0.75-0.80),0.794975,0.003987283154043302,0.004610187630257673,0.0006229044762143714,-13.511477756916282,0.8178,0.6553,0.7934,0.7991,0.8348,0.8237,0.8473,0.7884,/mnt/NAS-Progetti/BrainAtrophy/DATASET/RF/derivatives/synthseg_ct/sub-49191/segmentation.nii.gz,/mnt/NAS-Progetti/BrainAtrophy/DATASET/RF/derivatives/synthseg/sub-49191/segmentation.nii.gz
sub-1351120,4_MEDIUM (0.75-0.80),0.7952124999999999,0.004981971232508138,0.005940022161279651,0.000958050928771513,-16.128743340666617,0.7906,0.6544,0.8071,0.8246,0.7319,0.8532,0.8941,0.8058,/mnt/NAS-Progetti/BrainAtrophy/DATASET/RF/derivatives/synthseg_ct/sub-1351120/segmentation.nii.gz,/mnt/NAS-Progetti/BrainAtrophy/DATASET/RF/derivatives/synthseg/sub-1351120/segmentation.nii.gz
sub-1361970,4_MEDIUM (0.75-0.80),0.7953375,0.0048159212309820225,0.0054076474051419935,0.000591726174159971,-10.942395645051002,0.8105,0.6543,0.7362,0.8302,0.8549,0.8362,0.8352,0.8052,/mnt/NAS-Progetti/BrainAtrophy/DATASET/RF/derivatives/synthseg_ct/sub-1361970/segmentation.nii.gz,/mnt/NAS-Progetti/BrainAtrophy/DATASET/RF/derivatives/synthseg/sub-1361970/segmentation.nii.gz
sub-1394964,4_MEDIUM (0.75-0.80),0.7955374999999999,0.0038821970191202965,0.0055087788162726985,0.001626581797152402,-29.527084883995496,0.8186,0.6711,0.7647,0.8451,0.8362,0.8275,0.8358,0.7653,/mnt/NAS-Progetti/BrainAtrophy/DATASET/RF/derivatives/synthseg_ct/sub-1394964/segmentation.nii.gz,/mnt/NAS-Progetti/BrainAtrophy/DATASET/RF/derivatives/synthseg/sub-1394964/segmentation.nii.gz
sub-1369296,4_MEDIUM (0.75-0.80),0.7963125,0.004518663410083799,0.004628448552088757,0.00010978514200495754,-2.371964185610597,0.7858,0.645,0.8593,0.8384,0.8309,0.816,0.843,0.7521,/mnt/NAS-Progetti/BrainAtrophy/DATASET/RF/derivatives/synthseg_ct/sub-1369296/segmentation.nii.gz,/mnt/NAS-Progetti/BrainAtrophy/DATASET/RF/derivatives/synthseg/sub-1369296/segmentation.nii.gz
sub-1333365,4_MEDIUM (0.75-0.80),0.7970625,0.004311471866921289,0.004666930188812294,0.00035545832189100464,-7.616533942228665,0.7746,0.6486,0.8456,0.873,0.865,0.8137,0.8155,0.7405,/mnt/NAS-Progetti/BrainAtrophy/DATASET/RF/derivatives/synthseg_ct/sub-1333365/segmentation.nii.gz,/mnt/NAS-Progetti/BrainAtrophy/DATASET/RF/derivatives/synthseg/sub-1333365/segmentation.nii.gz
sub-1126260,4_MEDIUM (0.75-0.80),0.7973625000000001,0.0035279501722390925,0.004456529205551547,0.0009285790333124545,-20.83637266767406,0.792,0.6553,0.7851,0.8393,0.8649,0.833,0.8525,0.7568,/mnt/NAS-Progetti/BrainAtrophy/DATASET/RF/derivatives/synthseg_ct/sub-1126260/segmentation.nii.gz,/mnt/NAS-Progetti/BrainAtrophy/DATASET/RF/derivatives/synthseg/sub-1126260/segmentation.nii.gz
sub-1394060,4_MEDIUM (0.75-0.80),0.7975125,0.004589404444269514,0.005333727248162764,0.0007443228038932501,-13.955021868612363,0.7954,0.6486,0.8337,0.831,0.7857,0.8358,0.8606,0.7893,/mnt/NAS-Progetti/BrainAtrophy/DATASET/RF/derivatives/synthseg_ct/sub-1394060/segmentation.nii.gz,/mnt/NAS-Progetti/BrainAtrophy/DATASET/RF/derivatives/synthseg/sub-1394060/segmentation.nii.gz
sub-1311356,4_MEDIUM (0.75-0.80),0.7979625,0.005131501576236163,0.005018234021629201,0.00011326755460696215,2.257119817823664,0.7909,0.6366,0.8151,0.8475,0.8301,0.8381,0.827,0.7984,/mnt/NAS-Progetti/BrainAtrophy/DATASET/RF/derivatives/synthseg_ct/sub-1311356/segmentation.nii.gz,/mnt/NAS-Progetti/BrainAtrophy/DATASET/RF/derivatives/synthseg/sub-1311356/segmentation.nii.gz
sub-907642,4_MEDIUM (0.75-0.80),0.7981750000000001,0.004347664205582286,0.005812834495946644,0.0014651702903643584,-25.205780267544835,0.7892,0.6572,0.8437,0.8042,0.8136,0.8333,0.8641,0.7801,/mnt/NAS-Progetti/BrainAtrophy/DATASET/RF/derivatives/synthseg_ct/sub-907642/segmentation.nii.gz,/mnt/NAS-Progetti/BrainAtrophy/DATASET/RF/derivatives/synthseg/sub-907642/segmentation.nii.gz
sub-1351241,4_MEDIUM (0.75-0.80),0.798225,0.004969375106106388,0.005562478898508295,0.0005931037924019065,-10.662580536907038,0.7878,0.6655,0.8391,0.8338,0.8141,0.8248,0.8369,0.7838,/mnt/NAS-Progetti/BrainAtrophy/DATASET/RF/derivatives/synthseg_ct/sub-1351241/segmentation.nii.gz,/mnt/NAS-Progetti/BrainAtrophy/DATASET/RF/derivatives/synthseg/sub-1351241/segmentation.nii.gz
sub-165478,4_MEDIUM (0.75-0.80),0.7982499999999999,0.003255265371348086,0.003922114928050888,0.0006668495567028017,-17.002295163089357,0.7827,0.6547,0.8535,0.8566,0.851,0.8206,0.8245,0.7424,/mnt/NAS-Progetti/BrainAtrophy/DATASET/RF/derivatives/synthseg_ct/sub-165478/segmentation.nii.gz,/mnt/NAS-Progetti/BrainAtrophy/DATASET/RF/derivatives/synthseg/sub-165478/segmentation.nii.gz
sub-1358998,4_MEDIUM (0.75-0.80),0.7983125,0.003829132667407826,0.004712141346987396,0.0008830086795795699,-18.739010877593945,0.7956,0.6747,0.8457,0.8416,0.8396,0.8296,0.8173,0.7424,/mnt/NAS-Progetti/BrainAtrophy/DATASET/RF/derivatives/synthseg_ct/sub-1358998/segmentation.nii.gz,/mnt/NAS-Progetti/BrainAtrophy/DATASET/RF/derivatives/synthseg/sub-1358998/segmentation.nii.gz
sub-1300681,4_MEDIUM (0.75-0.80),0.7986374999999999,0.0044342703953036714,0.004774754834894643,0.00034048443959097154,-7.130930306675828,0.7927,0.6477,0.826,0.8373,0.8047,0.8582,0.8606,0.7619,/mnt/NAS-Progetti/BrainAtrophy/DATASET/RF/derivatives/synthseg_ct/sub-1300681/segmentation.nii.gz,/mnt/NAS-Progetti/BrainAtrophy/DATASET/RF/derivatives/synthseg/sub-1300681/segmentation.nii.gz
sub-1027483,4_MEDIUM (0.75-0.80),0.7991125,0.004412133246591818,0.004751504418195815,0.0003393711716039973,-7.142394107945696,0.7994,0.6689,0.8416,0.8178,0.8442,0.8184,0.8195,0.7831,/mnt/NAS-Progetti/BrainAtrophy/DATASET/RF/derivatives/synthseg_ct/sub-1027483/segmentation.nii.gz,/mnt/NAS-Progetti/BrainAtrophy/DATASET/RF/derivatives/synthseg/sub-1027483/segmentation.nii.gz
sub-1333380,4_MEDIUM (0.75-0.80),0.79945,0.003725963545304811,0.0042166956028109265,0.0004907320575061156,-11.63783454463691,0.7891,0.6358,0.8602,0.8607,0.847,0.8261,0.8283,0.7484,/mnt/NAS-Progetti/BrainAtrophy/DATASET/RF/derivatives/synthseg_ct/sub-1333380/segmentation.nii.gz,/mnt/NAS-Progetti/BrainAtrophy/DATASET/RF/derivatives/synthseg/sub-1333380/segmentation.nii.gz
sub-171298,4_MEDIUM (0.75-0.80),0.79965,0.005929141481221004,0.006039402322006904,0.00011026084078590015,-1.825691267232223,0.8211,0.6604,0.7171,0.8106,0.835,0.8515,0.8827,0.8188,/mnt/NAS-Progetti/BrainAtrophy/DATASET/RF/derivatives/synthseg_ct/sub-171298/segmentation.nii.gz,/mnt/NAS-Progetti/BrainAtrophy/DATASET/RF/derivatives/synthseg/sub-171298/segmentation.nii.gz
sub-1388894,5_HIGH (0.80-0.85),0.8000375,0.005501069784162229,0.006080198723421848,0.0005791289392596188,-9.524835710200167,0.8063,0.6632,0.7111,0.8275,0.853,0.8507,0.8751,0.8134,/mnt/NAS-Progetti/BrainAtrophy/DATASET/RF/derivatives/synthseg_ct/sub-1388894/segmentation.nii.gz,/mnt/NAS-Progetti/BrainAtrophy/DATASET/RF/derivatives/synthseg/sub-1388894/segmentation.nii.gz
sub-1305259,5_HIGH (0.80-0.85),0.80055,0.003862655203593541,0.005556652141102801,0.00169399693750926,-30.48592739823841,0.8102,0.6491,0.7996,0.8486,0.8681,0.8227,0.834,0.7721,/mnt/NAS-Progetti/BrainAtrophy/DATASET/RF/derivatives/synthseg_ct/sub-1305259/segmentation.nii.gz,/mnt/NAS-Progetti/BrainAtrophy/DATASET/RF/derivatives/synthseg/sub-1305259/segmentation.nii.gz
sub-1368287,5_HIGH (0.80-0.85),0.800625,0.004470882765592002,0.0056963674969570215,0.0012254847313650195,-21.51344224226525,0.8025,0.6563,0.8404,0.7814,0.8515,0.8401,0.8574,0.7754,/mnt/NAS-Progetti/BrainAtrophy/DATASET/RF/derivatives/synthseg_ct/sub-1368287/segmentation.nii.gz,/mnt/NAS-Progetti/BrainAtrophy/DATASET/RF/derivatives/synthseg/sub-1368287/segmentation.nii.gz
sub-1310463,5_HIGH (0.80-0.85),0.800625,0.005512497910812056,0.005535980214537879,2.3482303725823155e-05,-0.4241760775112048,0.783,0.6293,0.8369,0.8397,0.8595,0.8256,0.8509,0.7801,/mnt/NAS-Progetti/BrainAtrophy/DATASET/RF/derivatives/synthseg_ct/sub-1310463/segmentation.nii.gz,/mnt/NAS-Progetti/BrainAtrophy/DATASET/RF/derivatives/synthseg/sub-1310463/segmentation.nii.gz
sub-1373146,5_HIGH (0.80-0.85),0.8012,0.004490225435252042,0.00429144857970056,0.00019877685555148242,4.631929099459285,0.7824,0.6529,0.8284,0.8521,0.8591,0.8281,0.8402,0.7664,/mnt/NAS-Progetti/BrainAtrophy/DATASET/RF/derivatives/synthseg_ct/sub-1373146/segmentation.nii.gz,/mnt/NAS-Progetti/BrainAtrophy/DATASET/RF/derivatives/synthseg/sub-1373146/segmentation.nii.gz
sub-1275722,5_HIGH (0.80-0.85),0.8013125000000001,0.0040403082433925555,0.00448721363541917,0.00044690539202661434,-9.959530085642267,0.7958,0.6516,0.859,0.8317,0.8686,0.833,0.819,0.7518,/mnt/NAS-Progetti/BrainAtrophy/DATASET/RF/derivatives/synthseg_ct/sub-1275722/segmentation.nii.gz,/mnt/NAS-Progetti/BrainAtrophy/DATASET/RF/derivatives/synthseg/sub-1275722/segmentation.nii.gz
sub-1322149,5_HIGH (0.80-0.85),0.8014124999999999,0.004765714433621919,0.005175859263773578,0.00041014483015165953,-7.924188221698944,0.8112,0.6633,0.8244,0.7686,0.8496,0.859,0.8545,0.7807,/mnt/NAS-Progetti/BrainAtrophy/DATASET/RF/derivatives/synthseg_ct/sub-1322149/segmentation.nii.gz,/mnt/NAS-Progetti/BrainAtrophy/DATASET/RF/derivatives/synthseg/sub-1322149/segmentation.nii.gz
sub-23441,5_HIGH (0.80-0.85),0.8019000000000001,0.005016824184417149,0.005676369069548077,0.0006595448851309284,-11.619133235525116,0.7876,0.6429,0.858,0.8224,0.839,0.8496,0.8327,0.783,/mnt/NAS-Progetti/BrainAtrophy/DATASET/RF/derivatives/synthseg_ct/sub-23441/segmentation.nii.gz,/mnt/NAS-Progetti/BrainAtrophy/DATASET/RF/derivatives/synthseg/sub-23441/segmentation.nii.gz
sub-1379670,5_HIGH (0.80-0.85),0.80415,0.0040341434343780565,0.004364879101272909,0.00033073566689485225,-7.577201091283407,0.8157,0.6607,0.8279,0.85,0.8152,0.8327,0.8615,0.7695,/mnt/NAS-Progetti/BrainAtrophy/DATASET/RF/derivatives/synthseg_ct/sub-1379670/segmentation.nii.gz,/mnt/NAS-Progetti/BrainAtrophy/DATASET/RF/derivatives/synthseg/sub-1379670/segmentation.nii.gz
sub-1371709,5_HIGH (0.80-0.85),0.8045625,0.004879610884706124,0.0059149050085563855,0.0010352941238502616,-17.503140326896634,0.8115,0.6699,0.7755,0.8347,0.8537,0.841,0.8489,0.8013,/mnt/NAS-Progetti/BrainAtrophy/DATASET/RF/derivatives/synthseg_ct/sub-1371709/segmentation.nii.gz,/mnt/NAS-Progetti/BrainAtrophy/DATASET/RF/derivatives/synthseg/sub-1371709/segmentation.nii.gz
sub-183791,5_HIGH (0.80-0.85),0.8048375000000001,0.0033162675071990774,0.004031279291594328,0.0007150117843952508,-17.73659755815309,0.7798,0.6392,0.9193,0.8534,0.8776,0.8337,0.7995,0.7362,/mnt/NAS-Progetti/BrainAtrophy/DATASET/RF/derivatives/synthseg_ct/sub-183791/segmentation.nii.gz,/mnt/NAS-Progetti/BrainAtrophy/DATASET/RF/derivatives/synthseg/sub-183791/segmentation.nii.gz
sub-1070908,5_HIGH (0.80-0.85),0.8049124999999999,0.004904778672936453,0.005482208010374571,0.0005774293374381173,-10.53278781734268,0.8171,0.6583,0.7739,0.8275,0.8406,0.8412,0.8688,0.8119,/mnt/NAS-Progetti/BrainAtrophy/DATASET/RF/derivatives/synthseg_ct/sub-1070908/segmentation.nii.gz,/mnt/NAS-Progetti/BrainAtrophy/DATASET/RF/derivatives/synthseg/sub-1070908/segmentation.nii.gz
sub-1369744,5_HIGH (0.80-0.85),0.8051875000000001,0.00474756013363831,0.005177287840293631,0.0004297277066553206,-8.300247541016544,0.8139,0.656,0.7545,0.8494,0.8368,0.8542,0.863,0.8137,/mnt/NAS-Progetti/BrainAtrophy/DATASET/RF/derivatives/synthseg_ct/sub-1369744/segmentation.nii.gz,/mnt/NAS-Progetti/BrainAtrophy/DATASET/RF/derivatives/synthseg/sub-1369744/segmentation.nii.gz
sub-1393791,5_HIGH (0.80-0.85),0.8058875000000001,0.004348061752570303,0.0049003672178077,0.0005523054652373967,-11.270695453808953,0.8182,0.6624,0.81,0.8193,0.8198,0.8534,0.878,0.786,/mnt/NAS-Progetti/BrainAtrophy/DATASET/RF/derivatives/synthseg_ct/sub-1393791/segmentation.nii.gz,/mnt/NAS-Progetti/BrainAtrophy/DATASET/RF/derivatives/synthseg/sub-1393791/segmentation.nii.gz
sub-213332,5_HIGH (0.80-0.85),0.8063375,0.004214797543787436,0.004513086470637006,0.00029828892684957004,-6.609421928657786,0.8065,0.6566,0.8313,0.8393,0.8668,0.8464,0.8251,0.7787,/mnt/NAS-Progetti/BrainAtrophy/DATASET/RF/derivatives/synthseg_ct/sub-213332/segmentation.nii.gz,/mnt/NAS-Progetti/BrainAtrophy/DATASET/RF/derivatives/synthseg/sub-213332/segmentation.nii.gz
sub-802902,5_HIGH (0.80-0.85),0.8064625000000001,0.005078674186233022,0.005540380554953123,0.00046170636872010055,-8.333477531743432,0.8041,0.6662,0.8861,0.8186,0.8246,0.8248,0.8394,0.7879,/mnt/NAS-Progetti/BrainAtrophy/DATASET/RF/derivatives/synthseg_ct/sub-802902/segmentation.nii.gz,/mnt/NAS-Progetti/BrainAtrophy/DATASET/RF/derivatives/synthseg/sub-802902/segmentation.nii.gz
sub-1367689,5_HIGH (0.80-0.85),0.8066,0.004688717595416591,0.004961685936872175,0.0002729683414555836,-5.501523976498635,0.8066,0.6597,0.7606,0.8805,0.857,0.8382,0.8418,0.8084,/mnt/NAS-Progetti/BrainAtrophy/DATASET/RF/derivatives/synthseg_ct/sub-1367689/segmentation.nii.gz,/mnt/NAS-Progetti/BrainAtrophy/DATASET/RF/derivatives/synthseg/sub-1367689/segmentation.nii.gz
sub-272693,5_HIGH (0.80-0.85),0.807775,0.0040987015190722025,0.005035188751042195,0.0009364872319699924,-18.598850574889696,0.8021,0.6614,0.8774,0.827,0.8598,0.8426,0.8121,0.7798,/mnt/NAS-Progetti/BrainAtrophy/DATASET/RF/derivatives/synthseg_ct/sub-272693/segmentation.nii.gz,/mnt/NAS-Progetti/BrainAtrophy/DATASET/RF/derivatives/synthseg/sub-272693/segmentation.nii.gz
sub-1150690,5_HIGH (0.80-0.85),0.8082,0.005346570576971398,0.005910779575948279,0.0005642089989768813,-9.545424452515878,0.8168,0.6779,0.781,0.8495,0.8771,0.8433,0.822,0.798,/mnt/NAS-Progetti/BrainAtrophy/DATASET/RF/derivatives/synthseg_ct/sub-1150690/segmentation.nii.gz,/mnt/NAS-Progetti/BrainAtrophy/DATASET/RF/derivatives/synthseg/sub-1150690/segmentation.nii.gz
sub-850648,5_HIGH (0.80-0.85),0.8082125000000001,0.004878527574488992,0.006062844942034869,0.0011843173675458772,-19.534020395850426,0.8162,0.6532,0.7784,0.8505,0.841,0.8426,0.8626,0.8212,/mnt/NAS-Progetti/BrainAtrophy/DATASET/RF/derivatives/synthseg_ct/sub-850648/segmentation.nii.gz,/mnt/NAS-Progetti/BrainAtrophy/DATASET/RF/derivatives/synthseg/sub-850648/segmentation.nii.gz
sub-636572,5_HIGH (0.80-0.85),0.8086625000000001,0.0042322832608978215,0.004550629042815705,0.00031834578191788313,-6.995643435723921,0.7727,0.6526,0.919,0.8854,0.8837,0.8261,0.7645,0.7653,/mnt/NAS-Progetti/BrainAtrophy/DATASET/RF/derivatives/synthseg_ct/sub-636572/segmentation.nii.gz,/mnt/NAS-Progetti/BrainAtrophy/DATASET/RF/derivatives/synthseg/sub-636572/segmentation.nii.gz
sub-1354957,5_HIGH (0.80-0.85),0.8087124999999998,0.004306140440245107,0.00472404308048802,0.0004179026402429129,-8.846291897061642,0.8078,0.6715,0.8364,0.8346,0.8482,0.8467,0.8553,0.7692,/mnt/NAS-Progetti/BrainAtrophy/DATASET/RF/derivatives/synthseg_ct/sub-1354957/segmentation.nii.gz,/mnt/NAS-Progetti/BrainAtrophy/DATASET/RF/derivatives/synthseg/sub-1354957/segmentation.nii.gz
sub-1370989,5_HIGH (0.80-0.85),0.8088500000000001,0.004958658009774244,0.005125166238906228,0.00016650822913198346,-3.248835674206703,0.8061,0.6464,0.7841,0.8477,0.8603,0.8516,0.8659,0.8087,/mnt/NAS-Progetti/BrainAtrophy/DATASET/RF/derivatives/synthseg_ct/sub-1370989/segmentation.nii.gz,/mnt/NAS-Progetti/BrainAtrophy/DATASET/RF/derivatives/synthseg/sub-1370989/segmentation.nii.gz
sub-274440,5_HIGH (0.80-0.85),0.8089875,0.003950777248259256,0.004516310003930959,0.0005655327556717028,-12.522009232746816,0.7877,0.6324,0.8898,0.8429,0.8734,0.8314,0.8439,0.7704,/mnt/NAS-Progetti/BrainAtrophy/DATASET/RF/derivatives/synthseg_ct/sub-274440/segmentation.nii.gz,/mnt/NAS-Progetti/BrainAtrophy/DATASET/RF/derivatives/synthseg/sub-274440/segmentation.nii.gz
sub-813894,5_HIGH (0.80-0.85),0.809,0.004449207844208368,0.0060994161191793485,0.0016502082749709802,-27.055184344317357,0.8003,0.6632,0.8267,0.8549,0.8345,0.8419,0.8619,0.7886,/mnt/NAS-Progetti/BrainAtrophy/DATASET/RF/derivatives/synthseg_ct/sub-813894/segmentation.nii.gz,/mnt/NAS-Progetti/BrainAtrophy/DATASET/RF/derivatives/synthseg/sub-813894/segmentation.nii.gz
sub-1344324,5_HIGH (0.80-0.85),0.8103374999999999,0.004394412558637651,0.004742390580764509,0.00034797802212685816,-7.337607820374033,0.7952,0.6664,0.8093,0.8583,0.8766,0.83,0.8561,0.7908,/mnt/NAS-Progetti/BrainAtrophy/DATASET/RF/derivatives/synthseg_ct/sub-1344324/segmentation.nii.gz,/mnt/NAS-Progetti/BrainAtrophy/DATASET/RF/derivatives/synthseg/sub-1344324/segmentation.nii.gz
sub-1360552,5_HIGH (0.80-0.85),0.8109,0.004681397355193088,0.0052260206533500985,0.0005446232981570105,-10.421376689506271,0.8086,0.6631,0.8052,0.8723,0.8357,0.8425,0.8484,0.8114,/mnt/NAS-Progetti/BrainAtrophy/DATASET/RF/derivatives/synthseg_ct/sub-1360552/segmentation.nii.gz,/mnt/NAS-Progetti/BrainAtrophy/DATASET/RF/derivatives/synthseg/sub-1360552/segmentation.nii.gz
sub-909203,5_HIGH (0.80-0.85),0.8112875,0.004230467665962803,0.005365561530622117,0.001135093864659314,-21.155173753597865,0.7887,0.6676,0.8964,0.8615,0.8695,0.8381,0.8165,0.752,/mnt/NAS-Progetti/BrainAtrophy/DATASET/RF/derivatives/synthseg_ct/sub-909203/segmentation.nii.gz,/mnt/NAS-Progetti/BrainAtrophy/DATASET/RF/derivatives/synthseg/sub-909203/segmentation.nii.gz
sub-1370530,5_HIGH (0.80-0.85),0.8117375,0.0036320776675448567,0.0035242182356631283,0.00010785943188172838,3.0605207926754057,0.7954,0.6657,0.8686,0.8689,0.8866,0.8277,0.8343,0.7467,/mnt/NAS-Progetti/BrainAtrophy/DATASET/RF/derivatives/synthseg_ct/sub-1370530/segmentation.nii.gz,/mnt/NAS-Progetti/BrainAtrophy/DATASET/RF/derivatives/synthseg/sub-1370530/segmentation.nii.gz
sub-752504,5_HIGH (0.80-0.85),0.8118750000000001,0.005145744485829744,0.006149180822305762,0.001003436336476018,-16.318211571143205,0.7905,0.648,0.8441,0.8502,0.898,0.8295,0.8338,0.8009,/mnt/NAS-Progetti/BrainAtrophy/DATASET/RF/derivatives/synthseg_ct/sub-752504/segmentation.nii.gz,/mnt/NAS-Progetti/BrainAtrophy/DATASET/RF/derivatives/synthseg/sub-752504/segmentation.nii.gz
sub-765723,5_HIGH (0.80-0.85),0.8124124999999999,0.004696832093777322,0.005151483386008764,0.00045465129223144253,-8.825638329073495,0.8256,0.663,0.7919,0.8678,0.8478,0.8472,0.8595,0.7965,/mnt/NAS-Progetti/BrainAtrophy/DATASET/RF/derivatives/synthseg_ct/sub-765723/segmentation.nii.gz,/mnt/NAS-Progetti/BrainAtrophy/DATASET/RF/derivatives/synthseg/sub-765723/segmentation.nii.gz
sub-1293678,5_HIGH (0.80-0.85),0.8127125,0.004232874743601499,0.0050563759208315726,0.0008235011772300734,-16.286391481245726,0.8025,0.6589,0.8699,0.846,0.8781,0.8362,0.8336,0.7765,/mnt/NAS-Progetti/BrainAtrophy/DATASET/RF/derivatives/synthseg_ct/sub-1293678/segmentation.nii.gz,/mnt/NAS-Progetti/BrainAtrophy/DATASET/RF/derivatives/synthseg/sub-1293678/segmentation.nii.gz
sub-1381512,5_HIGH (0.80-0.85),0.8130124999999999,0.0039887898219601375,0.004906316407875401,0.0009175265859152635,-18.700925697382473,0.8192,0.6744,0.8412,0.8549,0.8332,0.8483,0.8553,0.7776,/mnt/NAS-Progetti/BrainAtrophy/DATASET/RF/derivatives/synthseg_ct/sub-1381512/segmentation.nii.gz,/mnt/NAS-Progetti/BrainAtrophy/DATASET/RF/derivatives/synthseg/sub-1381512/segmentation.nii.gz
sub-1391186,5_HIGH (0.80-0.85),0.81335,0.004803146771908124,0.004909959164801923,0.00010681239289379949,-2.175423243018122,0.8045,0.6729,0.8633,0.8642,0.8788,0.8349,0.7993,0.7889,/mnt/NAS-Progetti/BrainAtrophy/DATASET/RF/derivatives/synthseg_ct/sub-1391186/segmentation.nii.gz,/mnt/NAS-Progetti/BrainAtrophy/DATASET/RF/derivatives/synthseg/sub-1391186/segmentation.nii.gz
sub-1297719,5_HIGH (0.80-0.85),0.813375,0.0045371041726015755,0.0056185413000317,0.0010814371274301248,-19.247649339589675,0.8097,0.6737,0.8167,0.8267,0.8587,0.855,0.8668,0.7997,/mnt/NAS-Progetti/BrainAtrophy/DATASET/RF/derivatives/synthseg_ct/sub-1297719/segmentation.nii.gz,/mnt/NAS-Progetti/BrainAtrophy/DATASET/RF/derivatives/synthseg/sub-1297719/segmentation.nii.gz
sub-905700,5_HIGH (0.80-0.85),0.8136999999999999,0.005291878691882847,0.0053168451329156,2.496644103275325e-05,-0.4695724703018084,0.8133,0.6738,0.7649,0.8933,0.8457,0.835,0.8573,0.8263,/mnt/NAS-Progetti/BrainAtrophy/DATASET/RF/derivatives/synthseg_ct/sub-905700/segmentation.nii.gz,/mnt/NAS-Progetti/BrainAtrophy/DATASET/RF/derivatives/synthseg/sub-905700/segmentation.nii.gz
sub-1254038,5_HIGH (0.80-0.85),0.8137125,0.005297402277841178,0.00562187398478046,0.0003244717069392821,-5.771593383588676,0.8074,0.6612,0.8033,0.844,0.8517,0.8586,0.8716,0.8119,/mnt/NAS-Progetti/BrainAtrophy/DATASET/RF/derivatives/synthseg_ct/sub-1254038/segmentation.nii.gz,/mnt/NAS-Progetti/BrainAtrophy/DATASET/RF/derivatives/synthseg/sub-1254038/segmentation.nii.gz
sub-1358978,5_HIGH (0.80-0.85),0.8142749999999999,0.00403876353393832,0.004205393171973253,0.00016662963803493365,-3.9622844100626087,0.7749,0.6545,0.9256,0.897,0.8946,0.8236,0.7787,0.7653,/mnt/NAS-Progetti/BrainAtrophy/DATASET/RF/derivatives/synthseg_ct/sub-1358978/segmentation.nii.gz,/mnt/NAS-Progetti/BrainAtrophy/DATASET/RF/derivatives/synthseg/sub-1358978/segmentation.nii.gz
sub-42566,5_HIGH (0.80-0.85),0.8143875,0.004133657427065673,0.005025668630270535,0.0008920112032048616,-17.749105021212753,0.8207,0.6712,0.792,0.8591,0.8647,0.8402,0.8624,0.8048,/mnt/NAS-Progetti/BrainAtrophy/DATASET/RF/derivatives/synthseg_ct/sub-42566/segmentation.nii.gz,/mnt/NAS-Progetti/BrainAtrophy/DATASET/RF/derivatives/synthseg/sub-42566/segmentation.nii.gz
sub-1297966,5_HIGH (0.80-0.85),0.8155625000000001,0.00477146138038905,0.005113211282995568,0.00034174990260651787,-6.683664798734938,0.8121,0.6623,0.8138,0.822,0.8774,0.8507,0.8779,0.8083,/mnt/NAS-Progetti/BrainAtrophy/DATASET/RF/derivatives/synthseg_ct/sub-1297966/segmentation.nii.gz,/mnt/NAS-Progetti/BrainAtrophy/DATASET/RF/derivatives/synthseg/sub-1297966/segmentation.nii.gz
sub-1362080,5_HIGH (0.80-0.85),0.81595,0.004889808141462524,0.006021742257281495,0.001131934115818971,-18.797452090385228,0.815,0.673,0.8161,0.8625,0.8524,0.8562,0.8458,0.8066,/mnt/NAS-Progetti/BrainAtrophy/DATASET/RF/derivatives/synthseg_ct/sub-1362080/segmentation.nii.gz,/mnt/NAS-Progetti/BrainAtrophy/DATASET/RF/derivatives/synthseg/sub-1362080/segmentation.nii.gz
sub-789278,5_HIGH (0.80-0.85),0.8177625000000001,0.004935978805302502,0.005174377997601174,0.00023839919229867203,-4.607301445878,0.7973,0.6657,0.8849,0.8614,0.8927,0.8411,0.8212,0.7778,/mnt/NAS-Progetti/BrainAtrophy/DATASET/RF/derivatives/synthseg_ct/sub-789278/segmentation.nii.gz,/mnt/NAS-Progetti/BrainAtrophy/DATASET/RF/derivatives/synthseg/sub-789278/segmentation.nii.gz
sub-1310451,5_HIGH (0.80-0.85),0.8202375,0.004650467019200542,0.004688625107748479,3.8158088547936286e-05,-0.8138438811172121,0.811,0.6732,0.8683,0.879,0.8624,0.8288,0.8323,0.8069,/mnt/NAS-Progetti/BrainAtrophy/DATASET/RF/derivatives/synthseg_ct/sub-1310451/segmentation.nii.gz,/mnt/NAS-Progetti/BrainAtrophy/DATASET/RF/derivatives/synthseg/sub-1310451/segmentation.nii.gz
sub-1305767,5_HIGH (0.80-0.85),0.8205999999999999,0.0042268570275407055,0.00503048342115037,0.0008036263936096648,-15.97513253360234,0.8369,0.6784,0.8141,0.8652,0.8648,0.8522,0.8495,0.8037,/mnt/NAS-Progetti/BrainAtrophy/DATASET/RF/derivatives/synthseg_ct/sub-1305767/segmentation.nii.gz,/mnt/NAS-Progetti/BrainAtrophy/DATASET/RF/derivatives/synthseg/sub-1305767/segmentation.nii.gz
sub-1322373,5_HIGH (0.80-0.85),0.82195,0.004450105259634584,0.005065519533399624,0.00061541427376504,-12.149084999224488,0.8213,0.6777,0.8159,0.8674,0.855,0.8602,0.8693,0.8088,/mnt/NAS-Progetti/BrainAtrophy/DATASET/RF/derivatives/synthseg_ct/sub-1322373/segmentation.nii.gz,/mnt/NAS-Progetti/BrainAtrophy/DATASET/RF/derivatives/synthseg/sub-1322373/segmentation.nii.gz
sub-899161,5_HIGH (0.80-0.85),0.8258125000000001,0.005038990384914994,0.0052879013547862995,0.0002489109698713054,-4.707178768492073,0.7974,0.6664,0.8712,0.859,0.9011,0.8516,0.8633,0.7965,/mnt/NAS-Progetti/BrainAtrophy/DATASET/RF/derivatives/synthseg_ct/sub-899161/segmentation.nii.gz,/mnt/NAS-Progetti/BrainAtrophy/DATASET/RF/derivatives/synthseg/sub-899161/segmentation.nii.gz
