subject_id,qc_group,qc_score,dice_ct_vs_real,dice_gen_vs_real,hausdorff_ct_vs_real,hausdorff_gen_vs_real
sub-1369564,LOW,0.7538374999999999,0.5717162032598274,0.7210638922683223,20.83266665599966,4.123105625617661
sub-1394060,LOW,0.7975125,0.7159838675440459,0.7483283263882159,21.42428528562855,4.58257569495584
sub-42566,HIGH,0.8143875,0.6428767499313752,0.7414174156475615,45.0,4.0
sub-1027483,LOW,0.7991125,0.8078945941549639,0.7839129550538947,4.0,4.242640687119285
sub-1320667,LOW,0.782,0.7471118123059698,0.78125,44.294469180700204,3.7416573867739413
sub-1369296,LOW,0.7963125,0.825289895085588,0.7595190380761523,27.386127875258307,3.605551275463989
sub-1301416,LOW,0.7894124999999999,0.7930225563909774,0.7589886337276734,41.49698784249286,4.898979485566356
sub-213332,HIGH,0.8063375,0.7961849710982659,0.7477103301384451,4.0,4.358898943540674
sub-1309950,LOW,0.7484875,0.7474093264248705,0.8228576448368252,20.322401432901575,5.0990195135927845
sub-23441,HIGH,0.8019000000000001,0.7705230258338623,0.7401259301659988,5.0,4.123105625617661
sub-1358998,LOW,0.7983125,0.7590863719100464,0.6512732696238193,68.24954212300622,5.196152422706632
sub-1285588,LOW,0.7716500000000001,0.8001140250855188,0.7050783303543265,23.021728866442675,4.123105625617661
sub-789278,HIGH,0.8177625000000001,0.7804154302670623,0.7486494450446911,31.921779399024736,4.358898943540674
sub-1164158,LOW,0.7674999999999998,0.7518347661983644,0.7627630553390491,66.60330322138685,4.123105625617661
sub-765723,HIGH,0.8124124999999999,0.7848722986247544,0.7642390289449112,56.859475903318,3.605551275463989
sub-813894,HIGH,0.809,0.6952818134494345,0.8145896656534954,6.4031242374328485,4.123105625617661
sub-868320,LOW,0.7875375,0.7724947336743906,0.8154463390170511,19.209372712298546,4.123105625617661
sub-850648,HIGH,0.8082125000000001,0.7435909153223964,0.811579818031431,5.916079783099616,4.58257569495584
sub-1411167,LOW,0.7723500000000001,0.7411284923002008,0.7519258740505306,30.364452901377952,5.744562646538029
sub-1294361,LOW,0.7467374999999998,0.41814422655222105,0.8095238095238095,24.454038521274967,4.123105625617661
sub-1361970,LOW,0.7953375,0.7658410278958425,0.8260233227892922,5.385164807134504,3.7416573867739413
sub-1126260,LOW,0.7973625000000001,0.6594797869006581,0.7258182578688696,14.628738838327793,5.196152422706632
sub-1333380,HIGH,0.79945,0.7577401851260772,0.6611643988400625,27.784887978899608,6.164414002968976
sub-1206913,LOW,0.7684500000000001,0.6736706886268753,0.8090509523034348,8.774964387392123,4.358898943540674
sub-995762,LOW,0.7800374999999999,0.618905472636816,0.8128502054538662,8.48528137423857,4.123105625617661
sub-1358978,HIGH,0.8142749999999999,0.6553748318454201,0.8023715415019763,51.28352561983234,4.242640687119285
sub-752504,HIGH,0.8118750000000001,0.5804528671204235,0.7877191467311512,6.708203932499369,4.358898943540674
sub-660318,LOW,0.7070375,0.26970525676086293,0.8410233789148654,25.67099530598687,3.7416573867739413
sub-1360552,HIGH,0.8109,0.7713675213675214,0.7872330213582913,21.095023109728988,3.3166247903554
sub-629621,LOW,0.766025,0.6924428822495606,0.7667316990414793,8.366600265340756,3.7416573867739413
sub-909203,HIGH,0.8112875,0.7473062970382803,0.6826991374936581,44.24929377967517,4.242640687119285
sub-1381141,LOW,0.7923874999999999,0.6876975371220705,0.7265544486430779,62.13694553162394,4.358898943540674
sub-1296055,LOW,0.7948125000000001,0.5990414366316811,0.7424860455130957,52.08646657242167,4.898979485566356
sub-1297966,HIGH,0.8155625000000001,0.8355496903867627,0.7551070157476476,55.65968020030299,4.123105625617661
sub-183791,HIGH,0.8048375000000001,0.736923400968897,0.6661993372419067,65.30696746902278,4.898979485566356
sub-1394815,LOW,0.7550250000000001,0.6451507208387942,0.7818199270493377,15.066519173319364,3.605551275463989
sub-1393791,HIGH,0.8058875000000001,0.7525370804059328,0.7632070235632474,7.211102550927978,8.48528137423857
sub-49191,LOW,0.794975,0.743007299270073,0.7923833570038399,32.7566787083184,3.605551275463989
sub-1351120,LOW,0.7952124999999999,0.7288968289414918,0.7020071149369758,56.4003546088143,4.123105625617661
sub-1362080,HIGH,0.81595,0.7949833871496093,0.832145616897055,71.26008700527947,3.3166247903554
sub-1368287,HIGH,0.800625,0.7389830508474576,0.7848452317051351,42.5440947723653,4.123105625617661
sub-165478,LOW,0.7982499999999999,0.7017106447814946,0.6809658200062716,4.58257569495584,5.744562646538029
sub-1394964,LOW,0.7955374999999999,0.659737244763362,0.6936693136950446,19.339079605813716,3.3166247903554
sub-1371709,HIGH,0.8045625,0.7664056418006137,0.7889300847457628,27.367864366808018,4.0
sub-1307952,LOW,0.766475,0.5819085369461042,0.8354391840462779,8.54400374531753,4.47213595499958
sub-1252074,LOW,0.7344624999999999,0.6032651455546814,0.8244979121097634,46.65833258915282,4.242640687119285
sub-971309,LOW,0.7642500000000001,0.8040038420706739,0.8209619257247225,4.69041575982343,3.605551275463989
sub-1417956,LOW,0.777325,0.7694892054999066,0.8126028952597218,29.086079144497972,3.7416573867739413
sub-724650,LOW,0.7765125,0.7877881906514115,0.7660417782538832,48.938737212968626,4.242640687119285
sub-1391186,HIGH,0.81335,0.8534259355239971,0.7797444974603663,45.27692569068709,4.123105625617661
sub-1370989,HIGH,0.8088500000000001,0.7593655431493269,0.7394461884458605,3.7416573867739413,3.3166247903554
sub-1275722,HIGH,0.8013125000000001,0.7698501983539582,0.7957692727074474,66.03786792439622,3.1622776601683795
sub-1300681,LOW,0.7986374999999999,0.6049175898405836,0.7433438743241865,31.78049716414141,3.605551275463989
sub-1255198,LOW,0.7834000000000001,0.7089454697547969,0.6156679543616925,51.15662224971465,5.830951894845301
sub-171298,HIGH,0.79965,0.8145621892591527,0.8662445745231553,4.123105625617661,3.1622776601683795
sub-1293262,LOW,0.7884375,0.7711583221908582,0.7560997569100567,45.71651780264984,5.656854249492381
sub-636572,HIGH,0.8086625000000001,0.7373462630085147,0.6822397801442803,62.40192304729078,7.3484692283495345
sub-1372212,LOW,0.714875,0.2757956801636484,0.7379488031914894,20.396078054371138,5.385164807134504
sub-1333365,LOW,0.7970625,0.8261851015801355,0.6510597912053148,4.358898943540674,4.58257569495584
sub-1381512,HIGH,0.8130124999999999,0.7773431043032674,0.7604965684295518,4.242640687119285,4.69041575982343
sub-1351241,LOW,0.798225,0.8218178416054638,0.7983034438246277,4.123105625617661,4.0
sub-1305767,HIGH,0.8205999999999999,0.7433445615560144,0.7874938935026868,6.164414002968976,3.0
sub-1305259,HIGH,0.80055,0.7170373523464936,0.7763983691419671,27.294688127912362,3.7416573867739413
sub-1354957,HIGH,0.8087124999999998,0.7811914987336196,0.691950137333615,3.605551275463989,4.69041575982343
sub-1254038,HIGH,0.8137125,0.8123813827383642,0.8037939211036862,5.0,3.7416573867739413
sub-1370530,HIGH,0.8117375,0.7298931383577053,0.6836105150214592,29.017236257093817,4.123105625617661
sub-1379670,HIGH,0.80415,0.7827117375576899,0.7648230088495576,3.7416573867739413,3.605551275463989
sub-802902,HIGH,0.8064625000000001,0.7725159790819291,0.644876806982453,66.27971031922213,4.58257569495584
sub-1301533,LOW,0.7922125,0.8010545330273886,0.7794553272814142,11.224972160321824,3.3166247903554
sub-1182607,LOW,0.7343500000000001,0.7564902394848058,0.8173481593053649,6.0,3.605551275463989
sub-1070908,HIGH,0.8049124999999999,0.7706909643128322,0.7438088594349495,49.44694126030446,4.123105625617661
sub-1373146,HIGH,0.8012,0.7763071210397078,0.7469498418436512,37.54996671103717,3.3166247903554
sub-274440,HIGH,0.8089875,0.8183438863957706,0.7522653445033339,3.1622776601683795,3.7416573867739413
sub-272693,HIGH,0.807775,0.7959869907943333,0.7523114855146907,41.78516483155236,4.58257569495584
sub-1311356,LOW,0.7979625,0.8135277995301488,0.7374767179688266,31.38470965295043,4.358898943540674
sub-1310451,HIGH,0.8202375,0.806537240410139,0.7420766756314929,28.106938645110393,4.123105625617661
sub-899161,HIGH,0.8258125000000001,0.7248295023995959,0.6497849514328516,41.340053217188775,4.58257569495584
sub-1322149,HIGH,0.8014124999999999,0.7151574059074464,0.6716425239381292,37.21558813185679,4.123105625617661
sub-1150690,HIGH,0.8082,0.8079944746611414,0.7986424402963453,5.916079783099616,4.242640687119285
sub-1293678,HIGH,0.8127125,0.7646105649778546,0.7260017223038346,44.395945760846224,3.605551275463989
sub-1333345,LOW,0.794575,0.7557354925775979,0.7469255663430421,26.038433132583073,5.385164807134504
sub-907642,LOW,0.7981750000000001,0.7530120481927711,0.7993491930873752,40.755367744629666,4.123105625617661
sub-1310463,HIGH,0.800625,0.8436282693377852,0.8425938566552901,3.4641016151377544,3.3166247903554
sub-1137632,LOW,0.7878375000000001,0.7196504835305091,0.7577232813139815,6.4031242374328485,4.123105625617661
sub-1309056,LOW,0.7708875,0.6067877956804937,0.752133087510183,45.8475735453906,4.0
sub-1287396,LOW,0.742325,0.5367138623641752,0.6901717022469048,51.86520991955976,4.123105625617661
sub-1344324,HIGH,0.8103374999999999,0.8041398601398602,0.7471638655462185,57.043842787806646,3.3166247903554
sub-1369744,HIGH,0.8051875000000001,0.7798105358127412,0.7184643510054844,65.39877674696982,4.242640687119285
sub-1212986,LOW,0.75465,0.7242051406992326,0.7871816766286605,8.602325267042627,3.4641016151377544
sub-905700,HIGH,0.8136999999999999,0.7647846889952153,0.6821408555949935,19.28730152198591,4.47213595499958
sub-1297719,HIGH,0.813375,0.7467741112867853,0.7365654479748439,69.18814927427962,3.7416573867739413
sub-1419664,LOW,0.7737875000000001,0.530630540890527,0.769531737773153,26.343879744638983,5.0990195135927845
sub-1388894,HIGH,0.8000375,0.7892115065296414,0.8358348968105066,4.69041575982343,5.0990195135927845
sub-1356595,LOW,0.7921125,0.8067407220398889,0.7223876892529164,53.68426212587819,4.123105625617661
sub-1367689,HIGH,0.8066,0.8273165778116273,0.8424236695339824,31.0,3.7416573867739413
sub-1322373,HIGH,0.82195,0.6905805334631824,0.7600257132967413,20.615528128088304,3.7416573867739413
