subject_id,image_path,output_path,dataset_code
HCA6016146,/mnt/NAS-Progetti/BrainAtrophy/Normative Model/AABC/sub-HCA6016146/anat/sub-HCA6016146_T1w.nii.gz,/mnt/NAS-Progetti/BrainAtrophy/Normative Model/AABC/derivatives/fastsurfer/sub-HCA6016146,AABC
HCA6031344,/mnt/NAS-Progetti/BrainAtrophy/Normative Model/AABC/sub-HCA6031344/anat/sub-HCA6031344_T1w.nii.gz,/mnt/NAS-Progetti/BrainAtrophy/Normative Model/AABC/derivatives/fastsurfer/sub-HCA6031344,AABC
HCA6037457,/mnt/NAS-Progetti/BrainAtrophy/Normative Model/AABC/sub-HCA6037457/anat/sub-HCA6037457_T1w.nii.gz,/mnt/NAS-Progetti/BrainAtrophy/Normative Model/AABC/derivatives/fastsurfer/sub-HCA6037457,AABC
HCA6042046,/mnt/NAS-Progetti/BrainAtrophy/Normative Model/AABC/sub-HCA6042046/anat/sub-HCA6042046_T1w.nii.gz,/mnt/NAS-Progetti/BrainAtrophy/Normative Model/AABC/derivatives/fastsurfer/sub-HCA6042046,AABC
HCA6047359,/mnt/NAS-Progetti/BrainAtrophy/Normative Model/AABC/sub-HCA6047359/anat/sub-HCA6047359_T1w.nii.gz,/mnt/NAS-Progetti/BrainAtrophy/Normative Model/AABC/derivatives/fastsurfer/sub-HCA6047359,AABC
HCA6051047,/mnt/NAS-Progetti/BrainAtrophy/Normative Model/AABC/sub-HCA6051047/anat/sub-HCA6051047_T1w.nii.gz,/mnt/NAS-Progetti/BrainAtrophy/Normative Model/AABC/derivatives/fastsurfer/sub-HCA6051047,AABC
HCA6054457,/mnt/NAS-Progetti/BrainAtrophy/Normative Model/AABC/sub-HCA6054457/anat/sub-HCA6054457_T1w.nii.gz,/mnt/NAS-Progetti/BrainAtrophy/Normative Model/AABC/derivatives/fastsurfer/sub-HCA6054457,AABC
HCA6058162,/mnt/NAS-Progetti/BrainAtrophy/Normative Model/AABC/sub-HCA6058162/anat/sub-HCA6058162_T1w.nii.gz,/mnt/NAS-Progetti/BrainAtrophy/Normative Model/AABC/derivatives/fastsurfer/sub-HCA6058162,AABC
HCA6061757,/mnt/NAS-Progetti/BrainAtrophy/Normative Model/AABC/sub-HCA6061757/anat/sub-HCA6061757_T1w.nii.gz,/mnt/NAS-Progetti/BrainAtrophy/Normative Model/AABC/derivatives/fastsurfer/sub-HCA6061757,AABC
HCA6072156,/mnt/NAS-Progetti/BrainAtrophy/Normative Model/AABC/sub-HCA6072156/anat/sub-HCA6072156_T1w.nii.gz,/mnt/NAS-Progetti/BrainAtrophy/Normative Model/AABC/derivatives/fastsurfer/sub-HCA6072156,AABC
HCA6075263,/mnt/NAS-Progetti/BrainAtrophy/Normative Model/AABC/sub-HCA6075263/anat/sub-HCA6075263_T1w.nii.gz,/mnt/NAS-Progetti/BrainAtrophy/Normative Model/AABC/derivatives/fastsurfer/sub-HCA6075263,AABC
HCA6091766,/mnt/NAS-Progetti/BrainAtrophy/Normative Model/AABC/sub-HCA6091766/anat/sub-HCA6091766_T1w.nii.gz,/mnt/NAS-Progetti/BrainAtrophy/Normative Model/AABC/derivatives/fastsurfer/sub-HCA6091766,AABC
HCA6095572,/mnt/NAS-Progetti/BrainAtrophy/Normative Model/AABC/sub-HCA6095572/anat/sub-HCA6095572_T1w.nii.gz,/mnt/NAS-Progetti/BrainAtrophy/Normative Model/AABC/derivatives/fastsurfer/sub-HCA6095572,AABC
HCA6108151,/mnt/NAS-Progetti/BrainAtrophy/Normative Model/AABC/sub-HCA6108151/anat/sub-HCA6108151_T1w.nii.gz,/mnt/NAS-Progetti/BrainAtrophy/Normative Model/AABC/derivatives/fastsurfer/sub-HCA6108151,AABC
HCA6117051,/mnt/NAS-Progetti/BrainAtrophy/Normative Model/AABC/sub-HCA6117051/anat/sub-HCA6117051_T1w.nii.gz,/mnt/NAS-Progetti/BrainAtrophy/Normative Model/AABC/derivatives/fastsurfer/sub-HCA6117051,AABC
HCA6121143,/mnt/NAS-Progetti/BrainAtrophy/Normative Model/AABC/sub-HCA6121143/anat/sub-HCA6121143_T1w.nii.gz,/mnt/NAS-Progetti/BrainAtrophy/Normative Model/AABC/derivatives/fastsurfer/sub-HCA6121143,AABC
HCA6130548,/mnt/NAS-Progetti/BrainAtrophy/Normative Model/AABC/sub-HCA6130548/anat/sub-HCA6130548_T1w.nii.gz,/mnt/NAS-Progetti/BrainAtrophy/Normative Model/AABC/derivatives/fastsurfer/sub-HCA6130548,AABC
HCA6131449,/mnt/NAS-Progetti/BrainAtrophy/Normative Model/AABC/sub-HCA6131449/anat/sub-HCA6131449_T1w.nii.gz,/mnt/NAS-Progetti/BrainAtrophy/Normative Model/AABC/derivatives/fastsurfer/sub-HCA6131449,AABC
HCA6131550,/mnt/NAS-Progetti/BrainAtrophy/Normative Model/AABC/sub-HCA6131550/anat/sub-HCA6131550_T1w.nii.gz,/mnt/NAS-Progetti/BrainAtrophy/Normative Model/AABC/derivatives/fastsurfer/sub-HCA6131550,AABC
HCA6139768,/mnt/NAS-Progetti/BrainAtrophy/Normative Model/AABC/sub-HCA6139768/anat/sub-HCA6139768_T1w.nii.gz,/mnt/NAS-Progetti/BrainAtrophy/Normative Model/AABC/derivatives/fastsurfer/sub-HCA6139768,AABC
HCA6143557,/mnt/NAS-Progetti/BrainAtrophy/Normative Model/AABC/sub-HCA6143557/anat/sub-HCA6143557_T1w.nii.gz,/mnt/NAS-Progetti/BrainAtrophy/Normative Model/AABC/derivatives/fastsurfer/sub-HCA6143557,AABC
HCA6144862,/mnt/NAS-Progetti/BrainAtrophy/Normative Model/AABC/sub-HCA6144862/anat/sub-HCA6144862_T1w.nii.gz,/mnt/NAS-Progetti/BrainAtrophy/Normative Model/AABC/derivatives/fastsurfer/sub-HCA6144862,AABC
HCA6166973,/mnt/NAS-Progetti/BrainAtrophy/Normative Model/AABC/sub-HCA6166973/anat/sub-HCA6166973_T1w.nii.gz,/mnt/NAS-Progetti/BrainAtrophy/Normative Model/AABC/derivatives/fastsurfer/sub-HCA6166973,AABC
HCA6181666,/mnt/NAS-Progetti/BrainAtrophy/Normative Model/AABC/sub-HCA6181666/anat/sub-HCA6181666_T1w.nii.gz,/mnt/NAS-Progetti/BrainAtrophy/Normative Model/AABC/derivatives/fastsurfer/sub-HCA6181666,AABC
HCA6183064,/mnt/NAS-Progetti/BrainAtrophy/Normative Model/AABC/sub-HCA6183064/anat/sub-HCA6183064_T1w.nii.gz,/mnt/NAS-Progetti/BrainAtrophy/Normative Model/AABC/derivatives/fastsurfer/sub-HCA6183064,AABC
HCA6214958,/mnt/NAS-Progetti/BrainAtrophy/Normative Model/AABC/sub-HCA6214958/anat/sub-HCA6214958_T1w.nii.gz,/mnt/NAS-Progetti/BrainAtrophy/Normative Model/AABC/derivatives/fastsurfer/sub-HCA6214958,AABC
HCA6228767,/mnt/NAS-Progetti/BrainAtrophy/Normative Model/AABC/sub-HCA6228767/anat/sub-HCA6228767_T1w.nii.gz,/mnt/NAS-Progetti/BrainAtrophy/Normative Model/AABC/derivatives/fastsurfer/sub-HCA6228767,AABC
HCA6249977,/mnt/NAS-Progetti/BrainAtrophy/Normative Model/AABC/sub-HCA6249977/anat/sub-HCA6249977_T1w.nii.gz,/mnt/NAS-Progetti/BrainAtrophy/Normative Model/AABC/derivatives/fastsurfer/sub-HCA6249977,AABC
HCA6253867,/mnt/NAS-Progetti/BrainAtrophy/Normative Model/AABC/sub-HCA6253867/anat/sub-HCA6253867_T1w.nii.gz,/mnt/NAS-Progetti/BrainAtrophy/Normative Model/AABC/derivatives/fastsurfer/sub-HCA6253867,AABC
HCA6269377,/mnt/NAS-Progetti/BrainAtrophy/Normative Model/AABC/sub-HCA6269377/anat/sub-HCA6269377_T1w.nii.gz,/mnt/NAS-Progetti/BrainAtrophy/Normative Model/AABC/derivatives/fastsurfer/sub-HCA6269377,AABC
HCA6276475,/mnt/NAS-Progetti/BrainAtrophy/Normative Model/AABC/sub-HCA6276475/anat/sub-HCA6276475_T1w.nii.gz,/mnt/NAS-Progetti/BrainAtrophy/Normative Model/AABC/derivatives/fastsurfer/sub-HCA6276475,AABC
HCA6283371,/mnt/NAS-Progetti/BrainAtrophy/Normative Model/AABC/sub-HCA6283371/anat/sub-HCA6283371_T1w.nii.gz,/mnt/NAS-Progetti/BrainAtrophy/Normative Model/AABC/derivatives/fastsurfer/sub-HCA6283371,AABC
HCA6290368,/mnt/NAS-Progetti/BrainAtrophy/Normative Model/AABC/sub-HCA6290368/anat/sub-HCA6290368_T1w.nii.gz,/mnt/NAS-Progetti/BrainAtrophy/Normative Model/AABC/derivatives/fastsurfer/sub-HCA6290368,AABC
HCA6320048,/mnt/NAS-Progetti/BrainAtrophy/Normative Model/AABC/sub-HCA6320048/anat/sub-HCA6320048_T1w.nii.gz,/mnt/NAS-Progetti/BrainAtrophy/Normative Model/AABC/derivatives/fastsurfer/sub-HCA6320048,AABC
HCA6348070,/mnt/NAS-Progetti/BrainAtrophy/Normative Model/AABC/sub-HCA6348070/anat/sub-HCA6348070_T1w.nii.gz,/mnt/NAS-Progetti/BrainAtrophy/Normative Model/AABC/derivatives/fastsurfer/sub-HCA6348070,AABC
HCA6351665,/mnt/NAS-Progetti/BrainAtrophy/Normative Model/AABC/sub-HCA6351665/anat/sub-HCA6351665_T1w.nii.gz,/mnt/NAS-Progetti/BrainAtrophy/Normative Model/AABC/derivatives/fastsurfer/sub-HCA6351665,AABC
HCA6358881,/mnt/NAS-Progetti/BrainAtrophy/Normative Model/AABC/sub-HCA6358881/anat/sub-HCA6358881_T1w.nii.gz,/mnt/NAS-Progetti/BrainAtrophy/Normative Model/AABC/derivatives/fastsurfer/sub-HCA6358881,AABC
HCA6372875,/mnt/NAS-Progetti/BrainAtrophy/Normative Model/AABC/sub-HCA6372875/anat/sub-HCA6372875_T1w.nii.gz,/mnt/NAS-Progetti/BrainAtrophy/Normative Model/AABC/derivatives/fastsurfer/sub-HCA6372875,AABC
HCA6374576,/mnt/NAS-Progetti/BrainAtrophy/Normative Model/AABC/sub-HCA6374576/anat/sub-HCA6374576_T1w.nii.gz,/mnt/NAS-Progetti/BrainAtrophy/Normative Model/AABC/derivatives/fastsurfer/sub-HCA6374576,AABC
HCA6398287,/mnt/NAS-Progetti/BrainAtrophy/Normative Model/AABC/sub-HCA6398287/anat/sub-HCA6398287_T1w.nii.gz,/mnt/NAS-Progetti/BrainAtrophy/Normative Model/AABC/derivatives/fastsurfer/sub-HCA6398287,AABC
HCA6399087,/mnt/NAS-Progetti/BrainAtrophy/Normative Model/AABC/sub-HCA6399087/anat/sub-HCA6399087_T1w.nii.gz,/mnt/NAS-Progetti/BrainAtrophy/Normative Model/AABC/derivatives/fastsurfer/sub-HCA6399087,AABC
HCA6400450,/mnt/NAS-Progetti/BrainAtrophy/Normative Model/AABC/sub-HCA6400450/anat/sub-HCA6400450_T1w.nii.gz,/mnt/NAS-Progetti/BrainAtrophy/Normative Model/AABC/derivatives/fastsurfer/sub-HCA6400450,AABC
HCA6421963,/mnt/NAS-Progetti/BrainAtrophy/Normative Model/AABC/sub-HCA6421963/anat/sub-HCA6421963_T1w.nii.gz,/mnt/NAS-Progetti/BrainAtrophy/Normative Model/AABC/derivatives/fastsurfer/sub-HCA6421963,AABC
HCA6427066,/mnt/NAS-Progetti/BrainAtrophy/Normative Model/AABC/sub-HCA6427066/anat/sub-HCA6427066_T1w.nii.gz,/mnt/NAS-Progetti/BrainAtrophy/Normative Model/AABC/derivatives/fastsurfer/sub-HCA6427066,AABC
HCA6428169,/mnt/NAS-Progetti/BrainAtrophy/Normative Model/AABC/sub-HCA6428169/anat/sub-HCA6428169_T1w.nii.gz,/mnt/NAS-Progetti/BrainAtrophy/Normative Model/AABC/derivatives/fastsurfer/sub-HCA6428169,AABC
HCA6436774,/mnt/NAS-Progetti/BrainAtrophy/Normative Model/AABC/sub-HCA6436774/anat/sub-HCA6436774_T1w.nii.gz,/mnt/NAS-Progetti/BrainAtrophy/Normative Model/AABC/derivatives/fastsurfer/sub-HCA6436774,AABC
HCA6446272,/mnt/NAS-Progetti/BrainAtrophy/Normative Model/AABC/sub-HCA6446272/anat/sub-HCA6446272_T1w.nii.gz,/mnt/NAS-Progetti/BrainAtrophy/Normative Model/AABC/derivatives/fastsurfer/sub-HCA6446272,AABC
HCA6447274,/mnt/NAS-Progetti/BrainAtrophy/Normative Model/AABC/sub-HCA6447274/anat/sub-HCA6447274_T1w.nii.gz,/mnt/NAS-Progetti/BrainAtrophy/Normative Model/AABC/derivatives/fastsurfer/sub-HCA6447274,AABC
HCA6451063,/mnt/NAS-Progetti/BrainAtrophy/Normative Model/AABC/sub-HCA6451063/anat/sub-HCA6451063_T1w.nii.gz,/mnt/NAS-Progetti/BrainAtrophy/Normative Model/AABC/derivatives/fastsurfer/sub-HCA6451063,AABC
HCA6451770,/mnt/NAS-Progetti/BrainAtrophy/Normative Model/AABC/sub-HCA6451770/anat/sub-HCA6451770_T1w.nii.gz,/mnt/NAS-Progetti/BrainAtrophy/Normative Model/AABC/derivatives/fastsurfer/sub-HCA6451770,AABC
HCA6459584,/mnt/NAS-Progetti/BrainAtrophy/Normative Model/AABC/sub-HCA6459584/anat/sub-HCA6459584_T1w.nii.gz,/mnt/NAS-Progetti/BrainAtrophy/Normative Model/AABC/derivatives/fastsurfer/sub-HCA6459584,AABC
HCA6461066,/mnt/NAS-Progetti/BrainAtrophy/Normative Model/AABC/sub-HCA6461066/anat/sub-HCA6461066_T1w.nii.gz,/mnt/NAS-Progetti/BrainAtrophy/Normative Model/AABC/derivatives/fastsurfer/sub-HCA6461066,AABC
HCA6467179,/mnt/NAS-Progetti/BrainAtrophy/Normative Model/AABC/sub-HCA6467179/anat/sub-HCA6467179_T1w.nii.gz,/mnt/NAS-Progetti/BrainAtrophy/Normative Model/AABC/derivatives/fastsurfer/sub-HCA6467179,AABC
HCA6474782,/mnt/NAS-Progetti/BrainAtrophy/Normative Model/AABC/sub-HCA6474782/anat/sub-HCA6474782_T1w.nii.gz,/mnt/NAS-Progetti/BrainAtrophy/Normative Model/AABC/derivatives/fastsurfer/sub-HCA6474782,AABC
HCA6475986,/mnt/NAS-Progetti/BrainAtrophy/Normative Model/AABC/sub-HCA6475986/anat/sub-HCA6475986_T1w.nii.gz,/mnt/NAS-Progetti/BrainAtrophy/Normative Model/AABC/derivatives/fastsurfer/sub-HCA6475986,AABC
HCA6484583,/mnt/NAS-Progetti/BrainAtrophy/Normative Model/AABC/sub-HCA6484583/anat/sub-HCA6484583_T1w.nii.gz,/mnt/NAS-Progetti/BrainAtrophy/Normative Model/AABC/derivatives/fastsurfer/sub-HCA6484583,AABC
HCA6487286,/mnt/NAS-Progetti/BrainAtrophy/Normative Model/AABC/sub-HCA6487286/anat/sub-HCA6487286_T1w.nii.gz,/mnt/NAS-Progetti/BrainAtrophy/Normative Model/AABC/derivatives/fastsurfer/sub-HCA6487286,AABC
HCA6494384,/mnt/NAS-Progetti/BrainAtrophy/Normative Model/AABC/sub-HCA6494384/anat/sub-HCA6494384_T1w.nii.gz,/mnt/NAS-Progetti/BrainAtrophy/Normative Model/AABC/derivatives/fastsurfer/sub-HCA6494384,AABC
HCA6498190,/mnt/NAS-Progetti/BrainAtrophy/Normative Model/AABC/sub-HCA6498190/anat/sub-HCA6498190_T1w.nii.gz,/mnt/NAS-Progetti/BrainAtrophy/Normative Model/AABC/derivatives/fastsurfer/sub-HCA6498190,AABC
HCA6528779,/mnt/NAS-Progetti/BrainAtrophy/Normative Model/AABC/sub-HCA6528779/anat/sub-HCA6528779_T1w.nii.gz,/mnt/NAS-Progetti/BrainAtrophy/Normative Model/AABC/derivatives/fastsurfer/sub-HCA6528779,AABC
HCA6529680,/mnt/NAS-Progetti/BrainAtrophy/Normative Model/AABC/sub-HCA6529680/anat/sub-HCA6529680_T1w.nii.gz,/mnt/NAS-Progetti/BrainAtrophy/Normative Model/AABC/derivatives/fastsurfer/sub-HCA6529680,AABC
HCA6532972,/mnt/NAS-Progetti/BrainAtrophy/Normative Model/AABC/sub-HCA6532972/anat/sub-HCA6532972_T1w.nii.gz,/mnt/NAS-Progetti/BrainAtrophy/Normative Model/AABC/derivatives/fastsurfer/sub-HCA6532972,AABC
HCA6542470,/mnt/NAS-Progetti/BrainAtrophy/Normative Model/AABC/sub-HCA6542470/anat/sub-HCA6542470_T1w.nii.gz,/mnt/NAS-Progetti/BrainAtrophy/Normative Model/AABC/derivatives/fastsurfer/sub-HCA6542470,AABC
HCA6552069,/mnt/NAS-Progetti/BrainAtrophy/Normative Model/AABC/sub-HCA6552069/anat/sub-HCA6552069_T1w.nii.gz,/mnt/NAS-Progetti/BrainAtrophy/Normative Model/AABC/derivatives/fastsurfer/sub-HCA6552069,AABC
HCA6559184,/mnt/NAS-Progetti/BrainAtrophy/Normative Model/AABC/sub-HCA6559184/anat/sub-HCA6559184_T1w.nii.gz,/mnt/NAS-Progetti/BrainAtrophy/Normative Model/AABC/derivatives/fastsurfer/sub-HCA6559184,AABC
HCA6559487,/mnt/NAS-Progetti/BrainAtrophy/Normative Model/AABC/sub-HCA6559487/anat/sub-HCA6559487_T1w.nii.gz,/mnt/NAS-Progetti/BrainAtrophy/Normative Model/AABC/derivatives/fastsurfer/sub-HCA6559487,AABC
HCA6562577,/mnt/NAS-Progetti/BrainAtrophy/Normative Model/AABC/sub-HCA6562577/anat/sub-HCA6562577_T1w.nii.gz,/mnt/NAS-Progetti/BrainAtrophy/Normative Model/AABC/derivatives/fastsurfer/sub-HCA6562577,AABC
HCA6585084,/mnt/NAS-Progetti/BrainAtrophy/Normative Model/AABC/sub-HCA6585084/anat/sub-HCA6585084_T1w.nii.gz,/mnt/NAS-Progetti/BrainAtrophy/Normative Model/AABC/derivatives/fastsurfer/sub-HCA6585084,AABC
HCA6597293,/mnt/NAS-Progetti/BrainAtrophy/Normative Model/AABC/sub-HCA6597293/anat/sub-HCA6597293_T1w.nii.gz,/mnt/NAS-Progetti/BrainAtrophy/Normative Model/AABC/derivatives/fastsurfer/sub-HCA6597293,AABC
HCA6599803,/mnt/NAS-Progetti/BrainAtrophy/Normative Model/AABC/sub-HCA6599803/anat/sub-HCA6599803_T1w.nii.gz,/mnt/NAS-Progetti/BrainAtrophy/Normative Model/AABC/derivatives/fastsurfer/sub-HCA6599803,AABC
HCA6600458,/mnt/NAS-Progetti/BrainAtrophy/Normative Model/AABC/sub-HCA6600458/anat/sub-HCA6600458_T1w.nii.gz,/mnt/NAS-Progetti/BrainAtrophy/Normative Model/AABC/derivatives/fastsurfer/sub-HCA6600458,AABC
HCA6604264,/mnt/NAS-Progetti/BrainAtrophy/Normative Model/AABC/sub-HCA6604264/anat/sub-HCA6604264_T1w.nii.gz,/mnt/NAS-Progetti/BrainAtrophy/Normative Model/AABC/derivatives/fastsurfer/sub-HCA6604264,AABC
HCA6606066,/mnt/NAS-Progetti/BrainAtrophy/Normative Model/AABC/sub-HCA6606066/anat/sub-HCA6606066_T1w.nii.gz,/mnt/NAS-Progetti/BrainAtrophy/Normative Model/AABC/derivatives/fastsurfer/sub-HCA6606066,AABC
HCA6618679,/mnt/NAS-Progetti/BrainAtrophy/Normative Model/AABC/sub-HCA6618679/anat/sub-HCA6618679_T1w.nii.gz,/mnt/NAS-Progetti/BrainAtrophy/Normative Model/AABC/derivatives/fastsurfer/sub-HCA6618679,AABC
HCA6626779,/mnt/NAS-Progetti/BrainAtrophy/Normative Model/AABC/sub-HCA6626779/anat/sub-HCA6626779_T1w.nii.gz,/mnt/NAS-Progetti/BrainAtrophy/Normative Model/AABC/derivatives/fastsurfer/sub-HCA6626779,AABC
HCA6629078,/mnt/NAS-Progetti/BrainAtrophy/Normative Model/AABC/sub-HCA6629078/anat/sub-HCA6629078_T1w.nii.gz,/mnt/NAS-Progetti/BrainAtrophy/Normative Model/AABC/derivatives/fastsurfer/sub-HCA6629078,AABC
HCA6631671,/mnt/NAS-Progetti/BrainAtrophy/Normative Model/AABC/sub-HCA6631671/anat/sub-HCA6631671_T1w.nii.gz,/mnt/NAS-Progetti/BrainAtrophy/Normative Model/AABC/derivatives/fastsurfer/sub-HCA6631671,AABC
HCA6645985,/mnt/NAS-Progetti/BrainAtrophy/Normative Model/AABC/sub-HCA6645985/anat/sub-HCA6645985_T1w.nii.gz,/mnt/NAS-Progetti/BrainAtrophy/Normative Model/AABC/derivatives/fastsurfer/sub-HCA6645985,AABC
HCA6646583,/mnt/NAS-Progetti/BrainAtrophy/Normative Model/AABC/sub-HCA6646583/anat/sub-HCA6646583_T1w.nii.gz,/mnt/NAS-Progetti/BrainAtrophy/Normative Model/AABC/derivatives/fastsurfer/sub-HCA6646583,AABC
HCA6649993,/mnt/NAS-Progetti/BrainAtrophy/Normative Model/AABC/sub-HCA6649993/anat/sub-HCA6649993_T1w.nii.gz,/mnt/NAS-Progetti/BrainAtrophy/Normative Model/AABC/derivatives/fastsurfer/sub-HCA6649993,AABC
HCA6653277,/mnt/NAS-Progetti/BrainAtrophy/Normative Model/AABC/sub-HCA6653277/anat/sub-HCA6653277_T1w.nii.gz,/mnt/NAS-Progetti/BrainAtrophy/Normative Model/AABC/derivatives/fastsurfer/sub-HCA6653277,AABC
HCA6668391,/mnt/NAS-Progetti/BrainAtrophy/Normative Model/AABC/sub-HCA6668391/anat/sub-HCA6668391_T1w.nii.gz,/mnt/NAS-Progetti/BrainAtrophy/Normative Model/AABC/derivatives/fastsurfer/sub-HCA6668391,AABC
HCA6671178,/mnt/NAS-Progetti/BrainAtrophy/Normative Model/AABC/sub-HCA6671178/anat/sub-HCA6671178_T1w.nii.gz,/mnt/NAS-Progetti/BrainAtrophy/Normative Model/AABC/derivatives/fastsurfer/sub-HCA6671178,AABC
HCA6678495,/mnt/NAS-Progetti/BrainAtrophy/Normative Model/AABC/sub-HCA6678495/anat/sub-HCA6678495_T1w.nii.gz,/mnt/NAS-Progetti/BrainAtrophy/Normative Model/AABC/derivatives/fastsurfer/sub-HCA6678495,AABC
HCA6682688,/mnt/NAS-Progetti/BrainAtrophy/Normative Model/AABC/sub-HCA6682688/anat/sub-HCA6682688_T1w.nii.gz,/mnt/NAS-Progetti/BrainAtrophy/Normative Model/AABC/derivatives/fastsurfer/sub-HCA6682688,AABC
HCA6686191,/mnt/NAS-Progetti/BrainAtrophy/Normative Model/AABC/sub-HCA6686191/anat/sub-HCA6686191_T1w.nii.gz,/mnt/NAS-Progetti/BrainAtrophy/Normative Model/AABC/derivatives/fastsurfer/sub-HCA6686191,AABC
HCA6688600,/mnt/NAS-Progetti/BrainAtrophy/Normative Model/AABC/sub-HCA6688600/anat/sub-HCA6688600_T1w.nii.gz,/mnt/NAS-Progetti/BrainAtrophy/Normative Model/AABC/derivatives/fastsurfer/sub-HCA6688600,AABC
HCA6691992,/mnt/NAS-Progetti/BrainAtrophy/Normative Model/AABC/sub-HCA6691992/anat/sub-HCA6691992_T1w.nii.gz,/mnt/NAS-Progetti/BrainAtrophy/Normative Model/AABC/derivatives/fastsurfer/sub-HCA6691992,AABC
HCA6700664,/mnt/NAS-Progetti/BrainAtrophy/Normative Model/AABC/sub-HCA6700664/anat/sub-HCA6700664_T1w.nii.gz,/mnt/NAS-Progetti/BrainAtrophy/Normative Model/AABC/derivatives/fastsurfer/sub-HCA6700664,AABC
HCA6710566,/mnt/NAS-Progetti/BrainAtrophy/Normative Model/AABC/sub-HCA6710566/anat/sub-HCA6710566_T1w.nii.gz,/mnt/NAS-Progetti/BrainAtrophy/Normative Model/AABC/derivatives/fastsurfer/sub-HCA6710566,AABC
HCA6736483,/mnt/NAS-Progetti/BrainAtrophy/Normative Model/AABC/sub-HCA6736483/anat/sub-HCA6736483_T1w.nii.gz,/mnt/NAS-Progetti/BrainAtrophy/Normative Model/AABC/derivatives/fastsurfer/sub-HCA6736483,AABC
HCA6749088,/mnt/NAS-Progetti/BrainAtrophy/Normative Model/AABC/sub-HCA6749088/anat/sub-HCA6749088_T1w.nii.gz,/mnt/NAS-Progetti/BrainAtrophy/Normative Model/AABC/derivatives/fastsurfer/sub-HCA6749088,AABC
HCA6752481,/mnt/NAS-Progetti/BrainAtrophy/Normative Model/AABC/sub-HCA6752481/anat/sub-HCA6752481_T1w.nii.gz,/mnt/NAS-Progetti/BrainAtrophy/Normative Model/AABC/derivatives/fastsurfer/sub-HCA6752481,AABC
HCA6752784,/mnt/NAS-Progetti/BrainAtrophy/Normative Model/AABC/sub-HCA6752784/anat/sub-HCA6752784_T1w.nii.gz,/mnt/NAS-Progetti/BrainAtrophy/Normative Model/AABC/derivatives/fastsurfer/sub-HCA6752784,AABC
HCA6753079,/mnt/NAS-Progetti/BrainAtrophy/Normative Model/AABC/sub-HCA6753079/anat/sub-HCA6753079_T1w.nii.gz,/mnt/NAS-Progetti/BrainAtrophy/Normative Model/AABC/derivatives/fastsurfer/sub-HCA6753079,AABC
HCA6766896,/mnt/NAS-Progetti/BrainAtrophy/Normative Model/AABC/sub-HCA6766896/anat/sub-HCA6766896_T1w.nii.gz,/mnt/NAS-Progetti/BrainAtrophy/Normative Model/AABC/derivatives/fastsurfer/sub-HCA6766896,AABC
HCA6785193,/mnt/NAS-Progetti/BrainAtrophy/Normative Model/AABC/sub-HCA6785193/anat/sub-HCA6785193_T1w.nii.gz,/mnt/NAS-Progetti/BrainAtrophy/Normative Model/AABC/derivatives/fastsurfer/sub-HCA6785193,AABC
HCA6791794,/mnt/NAS-Progetti/BrainAtrophy/Normative Model/AABC/sub-HCA6791794/anat/sub-HCA6791794_T1w.nii.gz,/mnt/NAS-Progetti/BrainAtrophy/Normative Model/AABC/derivatives/fastsurfer/sub-HCA6791794,AABC
HCA6818889,/mnt/NAS-Progetti/BrainAtrophy/Normative Model/AABC/sub-HCA6818889/anat/sub-HCA6818889_T1w.nii.gz,/mnt/NAS-Progetti/BrainAtrophy/Normative Model/AABC/derivatives/fastsurfer/sub-HCA6818889,AABC
HCA6819689,/mnt/NAS-Progetti/BrainAtrophy/Normative Model/AABC/sub-HCA6819689/anat/sub-HCA6819689_T1w.nii.gz,/mnt/NAS-Progetti/BrainAtrophy/Normative Model/AABC/derivatives/fastsurfer/sub-HCA6819689,AABC
HCA6820674,/mnt/NAS-Progetti/BrainAtrophy/Normative Model/AABC/sub-HCA6820674/anat/sub-HCA6820674_T1w.nii.gz,/mnt/NAS-Progetti/BrainAtrophy/Normative Model/AABC/derivatives/fastsurfer/sub-HCA6820674,AABC
HCA6848090,/mnt/NAS-Progetti/BrainAtrophy/Normative Model/AABC/sub-HCA6848090/anat/sub-HCA6848090_T1w.nii.gz,/mnt/NAS-Progetti/BrainAtrophy/Normative Model/AABC/derivatives/fastsurfer/sub-HCA6848090,AABC
HCA6855188,/mnt/NAS-Progetti/BrainAtrophy/Normative Model/AABC/sub-HCA6855188/anat/sub-HCA6855188_T1w.nii.gz,/mnt/NAS-Progetti/BrainAtrophy/Normative Model/AABC/derivatives/fastsurfer/sub-HCA6855188,AABC
HCA6869604,/mnt/NAS-Progetti/BrainAtrophy/Normative Model/AABC/sub-HCA6869604/anat/sub-HCA6869604_T1w.nii.gz,/mnt/NAS-Progetti/BrainAtrophy/Normative Model/AABC/derivatives/fastsurfer/sub-HCA6869604,AABC
HCA6876095,/mnt/NAS-Progetti/BrainAtrophy/Normative Model/AABC/sub-HCA6876095/anat/sub-HCA6876095_T1w.nii.gz,/mnt/NAS-Progetti/BrainAtrophy/Normative Model/AABC/derivatives/fastsurfer/sub-HCA6876095,AABC
HCA6879607,/mnt/NAS-Progetti/BrainAtrophy/Normative Model/AABC/sub-HCA6879607/anat/sub-HCA6879607_T1w.nii.gz,/mnt/NAS-Progetti/BrainAtrophy/Normative Model/AABC/derivatives/fastsurfer/sub-HCA6879607,AABC
HCA6896607,/mnt/NAS-Progetti/BrainAtrophy/Normative Model/AABC/sub-HCA6896607/anat/sub-HCA6896607_T1w.nii.gz,/mnt/NAS-Progetti/BrainAtrophy/Normative Model/AABC/derivatives/fastsurfer/sub-HCA6896607,AABC
HCA6937998,/mnt/NAS-Progetti/BrainAtrophy/Normative Model/AABC/sub-HCA6937998/anat/sub-HCA6937998_T1w.nii.gz,/mnt/NAS-Progetti/BrainAtrophy/Normative Model/AABC/derivatives/fastsurfer/sub-HCA6937998,AABC
HCA6949905,/mnt/NAS-Progetti/BrainAtrophy/Normative Model/AABC/sub-HCA6949905/anat/sub-HCA6949905_T1w.nii.gz,/mnt/NAS-Progetti/BrainAtrophy/Normative Model/AABC/derivatives/fastsurfer/sub-HCA6949905,AABC
HCA6954998,/mnt/NAS-Progetti/BrainAtrophy/Normative Model/AABC/sub-HCA6954998/anat/sub-HCA6954998_T1w.nii.gz,/mnt/NAS-Progetti/BrainAtrophy/Normative Model/AABC/derivatives/fastsurfer/sub-HCA6954998,AABC
HCA6967199,/mnt/NAS-Progetti/BrainAtrophy/Normative Model/AABC/sub-HCA6967199/anat/sub-HCA6967199_T1w.nii.gz,/mnt/NAS-Progetti/BrainAtrophy/Normative Model/AABC/derivatives/fastsurfer/sub-HCA6967199,AABC
HCA6968202,/mnt/NAS-Progetti/BrainAtrophy/Normative Model/AABC/sub-HCA6968202/anat/sub-HCA6968202_T1w.nii.gz,/mnt/NAS-Progetti/BrainAtrophy/Normative Model/AABC/derivatives/fastsurfer/sub-HCA6968202,AABC
HCA6972899,/mnt/NAS-Progetti/BrainAtrophy/Normative Model/AABC/sub-HCA6972899/anat/sub-HCA6972899_T1w.nii.gz,/mnt/NAS-Progetti/BrainAtrophy/Normative Model/AABC/derivatives/fastsurfer/sub-HCA6972899,AABC
HCA6989715,/mnt/NAS-Progetti/BrainAtrophy/Normative Model/AABC/sub-HCA6989715/anat/sub-HCA6989715_T1w.nii.gz,/mnt/NAS-Progetti/BrainAtrophy/Normative Model/AABC/derivatives/fastsurfer/sub-HCA6989715,AABC
HCA6999314,/mnt/NAS-Progetti/BrainAtrophy/Normative Model/AABC/sub-HCA6999314/anat/sub-HCA6999314_T1w.nii.gz,/mnt/NAS-Progetti/BrainAtrophy/Normative Model/AABC/derivatives/fastsurfer/sub-HCA6999314,AABC
HCA7000843,/mnt/NAS-Progetti/BrainAtrophy/Normative Model/AABC/sub-HCA7000843/anat/sub-HCA7000843_T1w.nii.gz,/mnt/NAS-Progetti/BrainAtrophy/Normative Model/AABC/derivatives/fastsurfer/sub-HCA7000843,AABC
HCA7016050,/mnt/NAS-Progetti/BrainAtrophy/Normative Model/AABC/sub-HCA7016050/anat/sub-HCA7016050_T1w.nii.gz,/mnt/NAS-Progetti/BrainAtrophy/Normative Model/AABC/derivatives/fastsurfer/sub-HCA7016050,AABC
HCA7017961,/mnt/NAS-Progetti/BrainAtrophy/Normative Model/AABC/sub-HCA7017961/anat/sub-HCA7017961_T1w.nii.gz,/mnt/NAS-Progetti/BrainAtrophy/Normative Model/AABC/derivatives/fastsurfer/sub-HCA7017961,AABC
HCA7022449,/mnt/NAS-Progetti/BrainAtrophy/Normative Model/AABC/sub-HCA7022449/anat/sub-HCA7022449_T1w.nii.gz,/mnt/NAS-Progetti/BrainAtrophy/Normative Model/AABC/derivatives/fastsurfer/sub-HCA7022449,AABC
HCA7025253,/mnt/NAS-Progetti/BrainAtrophy/Normative Model/AABC/sub-HCA7025253/anat/sub-HCA7025253_T1w.nii.gz,/mnt/NAS-Progetti/BrainAtrophy/Normative Model/AABC/derivatives/fastsurfer/sub-HCA7025253,AABC
HCA7028259,/mnt/NAS-Progetti/BrainAtrophy/Normative Model/AABC/sub-HCA7028259/anat/sub-HCA7028259_T1w.nii.gz,/mnt/NAS-Progetti/BrainAtrophy/Normative Model/AABC/derivatives/fastsurfer/sub-HCA7028259,AABC
HCA7029261,/mnt/NAS-Progetti/BrainAtrophy/Normative Model/AABC/sub-HCA7029261/anat/sub-HCA7029261_T1w.nii.gz,/mnt/NAS-Progetti/BrainAtrophy/Normative Model/AABC/derivatives/fastsurfer/sub-HCA7029261,AABC
HCA7056264,/mnt/NAS-Progetti/BrainAtrophy/Normative Model/AABC/sub-HCA7056264/anat/sub-HCA7056264_T1w.nii.gz,/mnt/NAS-Progetti/BrainAtrophy/Normative Model/AABC/derivatives/fastsurfer/sub-HCA7056264,AABC
HCA7064970,/mnt/NAS-Progetti/BrainAtrophy/Normative Model/AABC/sub-HCA7064970/anat/sub-HCA7064970_T1w.nii.gz,/mnt/NAS-Progetti/BrainAtrophy/Normative Model/AABC/derivatives/fastsurfer/sub-HCA7064970,AABC
HCA7066873,/mnt/NAS-Progetti/BrainAtrophy/Normative Model/AABC/sub-HCA7066873/anat/sub-HCA7066873_T1w.nii.gz,/mnt/NAS-Progetti/BrainAtrophy/Normative Model/AABC/derivatives/fastsurfer/sub-HCA7066873,AABC
HCA7079074,/mnt/NAS-Progetti/BrainAtrophy/Normative Model/AABC/sub-HCA7079074/anat/sub-HCA7079074_T1w.nii.gz,/mnt/NAS-Progetti/BrainAtrophy/Normative Model/AABC/derivatives/fastsurfer/sub-HCA7079074,AABC
HCA7098684,/mnt/NAS-Progetti/BrainAtrophy/Normative Model/AABC/sub-HCA7098684/anat/sub-HCA7098684_T1w.nii.gz,/mnt/NAS-Progetti/BrainAtrophy/Normative Model/AABC/derivatives/fastsurfer/sub-HCA7098684,AABC
HCA7126663,/mnt/NAS-Progetti/BrainAtrophy/Normative Model/AABC/sub-HCA7126663/anat/sub-HCA7126663_T1w.nii.gz,/mnt/NAS-Progetti/BrainAtrophy/Normative Model/AABC/derivatives/fastsurfer/sub-HCA7126663,AABC
HCA7133155,/mnt/NAS-Progetti/BrainAtrophy/Normative Model/AABC/sub-HCA7133155/anat/sub-HCA7133155_T1w.nii.gz,/mnt/NAS-Progetti/BrainAtrophy/Normative Model/AABC/derivatives/fastsurfer/sub-HCA7133155,AABC
HCA7134056,/mnt/NAS-Progetti/BrainAtrophy/Normative Model/AABC/sub-HCA7134056/anat/sub-HCA7134056_T1w.nii.gz,/mnt/NAS-Progetti/BrainAtrophy/Normative Model/AABC/derivatives/fastsurfer/sub-HCA7134056,AABC
HCA7140657,/mnt/NAS-Progetti/BrainAtrophy/Normative Model/AABC/sub-HCA7140657/anat/sub-HCA7140657_T1w.nii.gz,/mnt/NAS-Progetti/BrainAtrophy/Normative Model/AABC/derivatives/fastsurfer/sub-HCA7140657,AABC
HCA7143865,/mnt/NAS-Progetti/BrainAtrophy/Normative Model/AABC/sub-HCA7143865/anat/sub-HCA7143865_T1w.nii.gz,/mnt/NAS-Progetti/BrainAtrophy/Normative Model/AABC/derivatives/fastsurfer/sub-HCA7143865,AABC
HCA7153161,/mnt/NAS-Progetti/BrainAtrophy/Normative Model/AABC/sub-HCA7153161/anat/sub-HCA7153161_T1w.nii.gz,/mnt/NAS-Progetti/BrainAtrophy/Normative Model/AABC/derivatives/fastsurfer/sub-HCA7153161,AABC
HCA7155973,/mnt/NAS-Progetti/BrainAtrophy/Normative Model/AABC/sub-HCA7155973/anat/sub-HCA7155973_T1w.nii.gz,/mnt/NAS-Progetti/BrainAtrophy/Normative Model/AABC/derivatives/fastsurfer/sub-HCA7155973,AABC
HCA7164267,/mnt/NAS-Progetti/BrainAtrophy/Normative Model/AABC/sub-HCA7164267/anat/sub-HCA7164267_T1w.nii.gz,/mnt/NAS-Progetti/BrainAtrophy/Normative Model/AABC/derivatives/fastsurfer/sub-HCA7164267,AABC
HCA7181873,/mnt/NAS-Progetti/BrainAtrophy/Normative Model/AABC/sub-HCA7181873/anat/sub-HCA7181873_T1w.nii.gz,/mnt/NAS-Progetti/BrainAtrophy/Normative Model/AABC/derivatives/fastsurfer/sub-HCA7181873,AABC
HCA7182067,/mnt/NAS-Progetti/BrainAtrophy/Normative Model/AABC/sub-HCA7182067/anat/sub-HCA7182067_T1w.nii.gz,/mnt/NAS-Progetti/BrainAtrophy/Normative Model/AABC/derivatives/fastsurfer/sub-HCA7182067,AABC
HCA7184576,/mnt/NAS-Progetti/BrainAtrophy/Normative Model/AABC/sub-HCA7184576/anat/sub-HCA7184576_T1w.nii.gz,/mnt/NAS-Progetti/BrainAtrophy/Normative Model/AABC/derivatives/fastsurfer/sub-HCA7184576,AABC
HCA7187885,/mnt/NAS-Progetti/BrainAtrophy/Normative Model/AABC/sub-HCA7187885/anat/sub-HCA7187885_T1w.nii.gz,/mnt/NAS-Progetti/BrainAtrophy/Normative Model/AABC/derivatives/fastsurfer/sub-HCA7187885,AABC
HCA7219165,/mnt/NAS-Progetti/BrainAtrophy/Normative Model/AABC/sub-HCA7219165/anat/sub-HCA7219165_T1w.nii.gz,/mnt/NAS-Progetti/BrainAtrophy/Normative Model/AABC/derivatives/fastsurfer/sub-HCA7219165,AABC
HCA7222154,/mnt/NAS-Progetti/BrainAtrophy/Normative Model/AABC/sub-HCA7222154/anat/sub-HCA7222154_T1w.nii.gz,/mnt/NAS-Progetti/BrainAtrophy/Normative Model/AABC/derivatives/fastsurfer/sub-HCA7222154,AABC
HCA7223459,/mnt/NAS-Progetti/BrainAtrophy/Normative Model/AABC/sub-HCA7223459/anat/sub-HCA7223459_T1w.nii.gz,/mnt/NAS-Progetti/BrainAtrophy/Normative Model/AABC/derivatives/fastsurfer/sub-HCA7223459,AABC
HCA7243263,/mnt/NAS-Progetti/BrainAtrophy/Normative Model/AABC/sub-HCA7243263/anat/sub-HCA7243263_T1w.nii.gz,/mnt/NAS-Progetti/BrainAtrophy/Normative Model/AABC/derivatives/fastsurfer/sub-HCA7243263,AABC
HCA7256070,/mnt/NAS-Progetti/BrainAtrophy/Normative Model/AABC/sub-HCA7256070/anat/sub-HCA7256070_T1w.nii.gz,/mnt/NAS-Progetti/BrainAtrophy/Normative Model/AABC/derivatives/fastsurfer/sub-HCA7256070,AABC
HCA7256575,/mnt/NAS-Progetti/BrainAtrophy/Normative Model/AABC/sub-HCA7256575/anat/sub-HCA7256575_T1w.nii.gz,/mnt/NAS-Progetti/BrainAtrophy/Normative Model/AABC/derivatives/fastsurfer/sub-HCA7256575,AABC
HCA7256979,/mnt/NAS-Progetti/BrainAtrophy/Normative Model/AABC/sub-HCA7256979/anat/sub-HCA7256979_T1w.nii.gz,/mnt/NAS-Progetti/BrainAtrophy/Normative Model/AABC/derivatives/fastsurfer/sub-HCA7256979,AABC
HCA7257173,/mnt/NAS-Progetti/BrainAtrophy/Normative Model/AABC/sub-HCA7257173/anat/sub-HCA7257173_T1w.nii.gz,/mnt/NAS-Progetti/BrainAtrophy/Normative Model/AABC/derivatives/fastsurfer/sub-HCA7257173,AABC
HCA7264069,/mnt/NAS-Progetti/BrainAtrophy/Normative Model/AABC/sub-HCA7264069/anat/sub-HCA7264069_T1w.nii.gz,/mnt/NAS-Progetti/BrainAtrophy/Normative Model/AABC/derivatives/fastsurfer/sub-HCA7264069,AABC
HCA7267782,/mnt/NAS-Progetti/BrainAtrophy/Normative Model/AABC/sub-HCA7267782/anat/sub-HCA7267782_T1w.nii.gz,/mnt/NAS-Progetti/BrainAtrophy/Normative Model/AABC/derivatives/fastsurfer/sub-HCA7267782,AABC
HCA7268178,/mnt/NAS-Progetti/BrainAtrophy/Normative Model/AABC/sub-HCA7268178/anat/sub-HCA7268178_T1w.nii.gz,/mnt/NAS-Progetti/BrainAtrophy/Normative Model/AABC/derivatives/fastsurfer/sub-HCA7268178,AABC
HCA7281271,/mnt/NAS-Progetti/BrainAtrophy/Normative Model/AABC/sub-HCA7281271/anat/sub-HCA7281271_T1w.nii.gz,/mnt/NAS-Progetti/BrainAtrophy/Normative Model/AABC/derivatives/fastsurfer/sub-HCA7281271,AABC
HCA7296183,/mnt/NAS-Progetti/BrainAtrophy/Normative Model/AABC/sub-HCA7296183/anat/sub-HCA7296183_T1w.nii.gz,/mnt/NAS-Progetti/BrainAtrophy/Normative Model/AABC/derivatives/fastsurfer/sub-HCA7296183,AABC
HCA7297488,/mnt/NAS-Progetti/BrainAtrophy/Normative Model/AABC/sub-HCA7297488/anat/sub-HCA7297488_T1w.nii.gz,/mnt/NAS-Progetti/BrainAtrophy/Normative Model/AABC/derivatives/fastsurfer/sub-HCA7297488,AABC
HCA7299593,/mnt/NAS-Progetti/BrainAtrophy/Normative Model/AABC/sub-HCA7299593/anat/sub-HCA7299593_T1w.nii.gz,/mnt/NAS-Progetti/BrainAtrophy/Normative Model/AABC/derivatives/fastsurfer/sub-HCA7299593,AABC
HCA7301251,/mnt/NAS-Progetti/BrainAtrophy/Normative Model/AABC/sub-HCA7301251/anat/sub-HCA7301251_T1w.nii.gz,/mnt/NAS-Progetti/BrainAtrophy/Normative Model/AABC/derivatives/fastsurfer/sub-HCA7301251,AABC
HCA7316870,/mnt/NAS-Progetti/BrainAtrophy/Normative Model/AABC/sub-HCA7316870/anat/sub-HCA7316870_T1w.nii.gz,/mnt/NAS-Progetti/BrainAtrophy/Normative Model/AABC/derivatives/fastsurfer/sub-HCA7316870,AABC
HCA7317165,/mnt/NAS-Progetti/BrainAtrophy/Normative Model/AABC/sub-HCA7317165/anat/sub-HCA7317165_T1w.nii.gz,/mnt/NAS-Progetti/BrainAtrophy/Normative Model/AABC/derivatives/fastsurfer/sub-HCA7317165,AABC
HCA7319472,/mnt/NAS-Progetti/BrainAtrophy/Normative Model/AABC/sub-HCA7319472/anat/sub-HCA7319472_T1w.nii.gz,/mnt/NAS-Progetti/BrainAtrophy/Normative Model/AABC/derivatives/fastsurfer/sub-HCA7319472,AABC
HCA7327774,/mnt/NAS-Progetti/BrainAtrophy/Normative Model/AABC/sub-HCA7327774/anat/sub-HCA7327774_T1w.nii.gz,/mnt/NAS-Progetti/BrainAtrophy/Normative Model/AABC/derivatives/fastsurfer/sub-HCA7327774,AABC
HCA7351165,/mnt/NAS-Progetti/BrainAtrophy/Normative Model/AABC/sub-HCA7351165/anat/sub-HCA7351165_T1w.nii.gz,/mnt/NAS-Progetti/BrainAtrophy/Normative Model/AABC/derivatives/fastsurfer/sub-HCA7351165,AABC
HCA7355173,/mnt/NAS-Progetti/BrainAtrophy/Normative Model/AABC/sub-HCA7355173/anat/sub-HCA7355173_T1w.nii.gz,/mnt/NAS-Progetti/BrainAtrophy/Normative Model/AABC/derivatives/fastsurfer/sub-HCA7355173,AABC
HCA7361067,/mnt/NAS-Progetti/BrainAtrophy/Normative Model/AABC/sub-HCA7361067/anat/sub-HCA7361067_T1w.nii.gz,/mnt/NAS-Progetti/BrainAtrophy/Normative Model/AABC/derivatives/fastsurfer/sub-HCA7361067,AABC
HCA7376686,/mnt/NAS-Progetti/BrainAtrophy/Normative Model/AABC/sub-HCA7376686/anat/sub-HCA7376686_T1w.nii.gz,/mnt/NAS-Progetti/BrainAtrophy/Normative Model/AABC/derivatives/fastsurfer/sub-HCA7376686,AABC
HCA7378993,/mnt/NAS-Progetti/BrainAtrophy/Normative Model/AABC/sub-HCA7378993/anat/sub-HCA7378993_T1w.nii.gz,/mnt/NAS-Progetti/BrainAtrophy/Normative Model/AABC/derivatives/fastsurfer/sub-HCA7378993,AABC
HCA7382479,/mnt/NAS-Progetti/BrainAtrophy/Normative Model/AABC/sub-HCA7382479/anat/sub-HCA7382479_T1w.nii.gz,/mnt/NAS-Progetti/BrainAtrophy/Normative Model/AABC/derivatives/fastsurfer/sub-HCA7382479,AABC
HCA7416571,/mnt/NAS-Progetti/BrainAtrophy/Normative Model/AABC/sub-HCA7416571/anat/sub-HCA7416571_T1w.nii.gz,/mnt/NAS-Progetti/BrainAtrophy/Normative Model/AABC/derivatives/fastsurfer/sub-HCA7416571,AABC
HCA7418777,/mnt/NAS-Progetti/BrainAtrophy/Normative Model/AABC/sub-HCA7418777/anat/sub-HCA7418777_T1w.nii.gz,/mnt/NAS-Progetti/BrainAtrophy/Normative Model/AABC/derivatives/fastsurfer/sub-HCA7418777,AABC
HCA7421160,/mnt/NAS-Progetti/BrainAtrophy/Normative Model/AABC/sub-HCA7421160/anat/sub-HCA7421160_T1w.nii.gz,/mnt/NAS-Progetti/BrainAtrophy/Normative Model/AABC/derivatives/fastsurfer/sub-HCA7421160,AABC
HCA7434674,/mnt/NAS-Progetti/BrainAtrophy/Normative Model/AABC/sub-HCA7434674/anat/sub-HCA7434674_T1w.nii.gz,/mnt/NAS-Progetti/BrainAtrophy/Normative Model/AABC/derivatives/fastsurfer/sub-HCA7434674,AABC
HCA7438783,/mnt/NAS-Progetti/BrainAtrophy/Normative Model/AABC/sub-HCA7438783/anat/sub-HCA7438783_T1w.nii.gz,/mnt/NAS-Progetti/BrainAtrophy/Normative Model/AABC/derivatives/fastsurfer/sub-HCA7438783,AABC
HCA7447784,/mnt/NAS-Progetti/BrainAtrophy/Normative Model/AABC/sub-HCA7447784/anat/sub-HCA7447784_T1w.nii.gz,/mnt/NAS-Progetti/BrainAtrophy/Normative Model/AABC/derivatives/fastsurfer/sub-HCA7447784,AABC
HCA7469592,/mnt/NAS-Progetti/BrainAtrophy/Normative Model/AABC/sub-HCA7469592/anat/sub-HCA7469592_T1w.nii.gz,/mnt/NAS-Progetti/BrainAtrophy/Normative Model/AABC/derivatives/fastsurfer/sub-HCA7469592,AABC
HCA7474181,/mnt/NAS-Progetti/BrainAtrophy/Normative Model/AABC/sub-HCA7474181/anat/sub-HCA7474181_T1w.nii.gz,/mnt/NAS-Progetti/BrainAtrophy/Normative Model/AABC/derivatives/fastsurfer/sub-HCA7474181,AABC
HCA7492688,/mnt/NAS-Progetti/BrainAtrophy/Normative Model/AABC/sub-HCA7492688/anat/sub-HCA7492688_T1w.nii.gz,/mnt/NAS-Progetti/BrainAtrophy/Normative Model/AABC/derivatives/fastsurfer/sub-HCA7492688,AABC
HCA7497395,/mnt/NAS-Progetti/BrainAtrophy/Normative Model/AABC/sub-HCA7497395/anat/sub-HCA7497395_T1w.nii.gz,/mnt/NAS-Progetti/BrainAtrophy/Normative Model/AABC/derivatives/fastsurfer/sub-HCA7497395,AABC
HCA7501259,/mnt/NAS-Progetti/BrainAtrophy/Normative Model/AABC/sub-HCA7501259/anat/sub-HCA7501259_T1w.nii.gz,/mnt/NAS-Progetti/BrainAtrophy/Normative Model/AABC/derivatives/fastsurfer/sub-HCA7501259,AABC
HCA7502059,/mnt/NAS-Progetti/BrainAtrophy/Normative Model/AABC/sub-HCA7502059/anat/sub-HCA7502059_T1w.nii.gz,/mnt/NAS-Progetti/BrainAtrophy/Normative Model/AABC/derivatives/fastsurfer/sub-HCA7502059,AABC
HCA7512163,/mnt/NAS-Progetti/BrainAtrophy/Normative Model/AABC/sub-HCA7512163/anat/sub-HCA7512163_T1w.nii.gz,/mnt/NAS-Progetti/BrainAtrophy/Normative Model/AABC/derivatives/fastsurfer/sub-HCA7512163,AABC
HCA7513670,/mnt/NAS-Progetti/BrainAtrophy/Normative Model/AABC/sub-HCA7513670/anat/sub-HCA7513670_T1w.nii.gz,/mnt/NAS-Progetti/BrainAtrophy/Normative Model/AABC/derivatives/fastsurfer/sub-HCA7513670,AABC
HCA7532876,/mnt/NAS-Progetti/BrainAtrophy/Normative Model/AABC/sub-HCA7532876/anat/sub-HCA7532876_T1w.nii.gz,/mnt/NAS-Progetti/BrainAtrophy/Normative Model/AABC/derivatives/fastsurfer/sub-HCA7532876,AABC
HCA7536884,/mnt/NAS-Progetti/BrainAtrophy/Normative Model/AABC/sub-HCA7536884/anat/sub-HCA7536884_T1w.nii.gz,/mnt/NAS-Progetti/BrainAtrophy/Normative Model/AABC/derivatives/fastsurfer/sub-HCA7536884,AABC
HCA7543578,/mnt/NAS-Progetti/BrainAtrophy/Normative Model/AABC/sub-HCA7543578/anat/sub-HCA7543578_T1w.nii.gz,/mnt/NAS-Progetti/BrainAtrophy/Normative Model/AABC/derivatives/fastsurfer/sub-HCA7543578,AABC
HCA7544883,/mnt/NAS-Progetti/BrainAtrophy/Normative Model/AABC/sub-HCA7544883/anat/sub-HCA7544883_T1w.nii.gz,/mnt/NAS-Progetti/BrainAtrophy/Normative Model/AABC/derivatives/fastsurfer/sub-HCA7544883,AABC
HCA7567693,/mnt/NAS-Progetti/BrainAtrophy/Normative Model/AABC/sub-HCA7567693/anat/sub-HCA7567693_T1w.nii.gz,/mnt/NAS-Progetti/BrainAtrophy/Normative Model/AABC/derivatives/fastsurfer/sub-HCA7567693,AABC
HCA7592086,/mnt/NAS-Progetti/BrainAtrophy/Normative Model/AABC/sub-HCA7592086/anat/sub-HCA7592086_T1w.nii.gz,/mnt/NAS-Progetti/BrainAtrophy/Normative Model/AABC/derivatives/fastsurfer/sub-HCA7592086,AABC
HCA7594090,/mnt/NAS-Progetti/BrainAtrophy/Normative Model/AABC/sub-HCA7594090/anat/sub-HCA7594090_T1w.nii.gz,/mnt/NAS-Progetti/BrainAtrophy/Normative Model/AABC/derivatives/fastsurfer/sub-HCA7594090,AABC
HCA7600665,/mnt/NAS-Progetti/BrainAtrophy/Normative Model/AABC/sub-HCA7600665/anat/sub-HCA7600665_T1w.nii.gz,/mnt/NAS-Progetti/BrainAtrophy/Normative Model/AABC/derivatives/fastsurfer/sub-HCA7600665,AABC
HCA7607477,/mnt/NAS-Progetti/BrainAtrophy/Normative Model/AABC/sub-HCA7607477/anat/sub-HCA7607477_T1w.nii.gz,/mnt/NAS-Progetti/BrainAtrophy/Normative Model/AABC/derivatives/fastsurfer/sub-HCA7607477,AABC
HCA7620469,/mnt/NAS-Progetti/BrainAtrophy/Normative Model/AABC/sub-HCA7620469/anat/sub-HCA7620469_T1w.nii.gz,/mnt/NAS-Progetti/BrainAtrophy/Normative Model/AABC/derivatives/fastsurfer/sub-HCA7620469,AABC
HCA7636686,/mnt/NAS-Progetti/BrainAtrophy/Normative Model/AABC/sub-HCA7636686/anat/sub-HCA7636686_T1w.nii.gz,/mnt/NAS-Progetti/BrainAtrophy/Normative Model/AABC/derivatives/fastsurfer/sub-HCA7636686,AABC
HCA7641881,/mnt/NAS-Progetti/BrainAtrophy/Normative Model/AABC/sub-HCA7641881/anat/sub-HCA7641881_T1w.nii.gz,/mnt/NAS-Progetti/BrainAtrophy/Normative Model/AABC/derivatives/fastsurfer/sub-HCA7641881,AABC
HCA7643279,/mnt/NAS-Progetti/BrainAtrophy/Normative Model/AABC/sub-HCA7643279/anat/sub-HCA7643279_T1w.nii.gz,/mnt/NAS-Progetti/BrainAtrophy/Normative Model/AABC/derivatives/fastsurfer/sub-HCA7643279,AABC
HCA7647085,/mnt/NAS-Progetti/BrainAtrophy/Normative Model/AABC/sub-HCA7647085/anat/sub-HCA7647085_T1w.nii.gz,/mnt/NAS-Progetti/BrainAtrophy/Normative Model/AABC/derivatives/fastsurfer/sub-HCA7647085,AABC
HCA7664792,/mnt/NAS-Progetti/BrainAtrophy/Normative Model/AABC/sub-HCA7664792/anat/sub-HCA7664792_T1w.nii.gz,/mnt/NAS-Progetti/BrainAtrophy/Normative Model/AABC/derivatives/fastsurfer/sub-HCA7664792,AABC
HCA7667899,/mnt/NAS-Progetti/BrainAtrophy/Normative Model/AABC/sub-HCA7667899/anat/sub-HCA7667899_T1w.nii.gz,/mnt/NAS-Progetti/BrainAtrophy/Normative Model/AABC/derivatives/fastsurfer/sub-HCA7667899,AABC
HCA7670686,/mnt/NAS-Progetti/BrainAtrophy/Normative Model/AABC/sub-HCA7670686/anat/sub-HCA7670686_T1w.nii.gz,/mnt/NAS-Progetti/BrainAtrophy/Normative Model/AABC/derivatives/fastsurfer/sub-HCA7670686,AABC
HCA7677802,/mnt/NAS-Progetti/BrainAtrophy/Normative Model/AABC/sub-HCA7677802/anat/sub-HCA7677802_T1w.nii.gz,/mnt/NAS-Progetti/BrainAtrophy/Normative Model/AABC/derivatives/fastsurfer/sub-HCA7677802,AABC
HCA7689304,/mnt/NAS-Progetti/BrainAtrophy/Normative Model/AABC/sub-HCA7689304/anat/sub-HCA7689304_T1w.nii.gz,/mnt/NAS-Progetti/BrainAtrophy/Normative Model/AABC/derivatives/fastsurfer/sub-HCA7689304,AABC
HCA7690187,/mnt/NAS-Progetti/BrainAtrophy/Normative Model/AABC/sub-HCA7690187/anat/sub-HCA7690187_T1w.nii.gz,/mnt/NAS-Progetti/BrainAtrophy/Normative Model/AABC/derivatives/fastsurfer/sub-HCA7690187,AABC
HCA7693597,/mnt/NAS-Progetti/BrainAtrophy/Normative Model/AABC/sub-HCA7693597/anat/sub-HCA7693597_T1w.nii.gz,/mnt/NAS-Progetti/BrainAtrophy/Normative Model/AABC/derivatives/fastsurfer/sub-HCA7693597,AABC
HCA7698204,/mnt/NAS-Progetti/BrainAtrophy/Normative Model/AABC/sub-HCA7698204/anat/sub-HCA7698204_T1w.nii.gz,/mnt/NAS-Progetti/BrainAtrophy/Normative Model/AABC/derivatives/fastsurfer/sub-HCA7698204,AABC
HCA7700265,/mnt/NAS-Progetti/BrainAtrophy/Normative Model/AABC/sub-HCA7700265/anat/sub-HCA7700265_T1w.nii.gz,/mnt/NAS-Progetti/BrainAtrophy/Normative Model/AABC/derivatives/fastsurfer/sub-HCA7700265,AABC
HCA7716381,/mnt/NAS-Progetti/BrainAtrophy/Normative Model/AABC/sub-HCA7716381/anat/sub-HCA7716381_T1w.nii.gz,/mnt/NAS-Progetti/BrainAtrophy/Normative Model/AABC/derivatives/fastsurfer/sub-HCA7716381,AABC
HCA7722679,/mnt/NAS-Progetti/BrainAtrophy/Normative Model/AABC/sub-HCA7722679/anat/sub-HCA7722679_T1w.nii.gz,/mnt/NAS-Progetti/BrainAtrophy/Normative Model/AABC/derivatives/fastsurfer/sub-HCA7722679,AABC
HCA7738290,/mnt/NAS-Progetti/BrainAtrophy/Normative Model/AABC/sub-HCA7738290/anat/sub-HCA7738290_T1w.nii.gz,/mnt/NAS-Progetti/BrainAtrophy/Normative Model/AABC/derivatives/fastsurfer/sub-HCA7738290,AABC
HCA7764594,/mnt/NAS-Progetti/BrainAtrophy/Normative Model/AABC/sub-HCA7764594/anat/sub-HCA7764594_T1w.nii.gz,/mnt/NAS-Progetti/BrainAtrophy/Normative Model/AABC/derivatives/fastsurfer/sub-HCA7764594,AABC
HCA7783194,/mnt/NAS-Progetti/BrainAtrophy/Normative Model/AABC/sub-HCA7783194/anat/sub-HCA7783194_T1w.nii.gz,/mnt/NAS-Progetti/BrainAtrophy/Normative Model/AABC/derivatives/fastsurfer/sub-HCA7783194,AABC
HCA7799311,/mnt/NAS-Progetti/BrainAtrophy/Normative Model/AABC/sub-HCA7799311/anat/sub-HCA7799311_T1w.nii.gz,/mnt/NAS-Progetti/BrainAtrophy/Normative Model/AABC/derivatives/fastsurfer/sub-HCA7799311,AABC
HCA7799513,/mnt/NAS-Progetti/BrainAtrophy/Normative Model/AABC/sub-HCA7799513/anat/sub-HCA7799513_T1w.nii.gz,/mnt/NAS-Progetti/BrainAtrophy/Normative Model/AABC/derivatives/fastsurfer/sub-HCA7799513,AABC
HCA7800774,/mnt/NAS-Progetti/BrainAtrophy/Normative Model/AABC/sub-HCA7800774/anat/sub-HCA7800774_T1w.nii.gz,/mnt/NAS-Progetti/BrainAtrophy/Normative Model/AABC/derivatives/fastsurfer/sub-HCA7800774,AABC
HCA7807384,/mnt/NAS-Progetti/BrainAtrophy/Normative Model/AABC/sub-HCA7807384/anat/sub-HCA7807384_T1w.nii.gz,/mnt/NAS-Progetti/BrainAtrophy/Normative Model/AABC/derivatives/fastsurfer/sub-HCA7807384,AABC
HCA7855800,/mnt/NAS-Progetti/BrainAtrophy/Normative Model/AABC/sub-HCA7855800/anat/sub-HCA7855800_T1w.nii.gz,/mnt/NAS-Progetti/BrainAtrophy/Normative Model/AABC/derivatives/fastsurfer/sub-HCA7855800,AABC
HCA7879713,/mnt/NAS-Progetti/BrainAtrophy/Normative Model/AABC/sub-HCA7879713/anat/sub-HCA7879713_T1w.nii.gz,/mnt/NAS-Progetti/BrainAtrophy/Normative Model/AABC/derivatives/fastsurfer/sub-HCA7879713,AABC
HCA7884605,/mnt/NAS-Progetti/BrainAtrophy/Normative Model/AABC/sub-HCA7884605/anat/sub-HCA7884605_T1w.nii.gz,/mnt/NAS-Progetti/BrainAtrophy/Normative Model/AABC/derivatives/fastsurfer/sub-HCA7884605,AABC
HCA7902782,/mnt/NAS-Progetti/BrainAtrophy/Normative Model/AABC/sub-HCA7902782/anat/sub-HCA7902782_T1w.nii.gz,/mnt/NAS-Progetti/BrainAtrophy/Normative Model/AABC/derivatives/fastsurfer/sub-HCA7902782,AABC
HCA7907287,/mnt/NAS-Progetti/BrainAtrophy/Normative Model/AABC/sub-HCA7907287/anat/sub-HCA7907287_T1w.nii.gz,/mnt/NAS-Progetti/BrainAtrophy/Normative Model/AABC/derivatives/fastsurfer/sub-HCA7907287,AABC
HCA7916692,/mnt/NAS-Progetti/BrainAtrophy/Normative Model/AABC/sub-HCA7916692/anat/sub-HCA7916692_T1w.nii.gz,/mnt/NAS-Progetti/BrainAtrophy/Normative Model/AABC/derivatives/fastsurfer/sub-HCA7916692,AABC
HCA7918393,/mnt/NAS-Progetti/BrainAtrophy/Normative Model/AABC/sub-HCA7918393/anat/sub-HCA7918393_T1w.nii.gz,/mnt/NAS-Progetti/BrainAtrophy/Normative Model/AABC/derivatives/fastsurfer/sub-HCA7918393,AABC
HCA7924893,/mnt/NAS-Progetti/BrainAtrophy/Normative Model/AABC/sub-HCA7924893/anat/sub-HCA7924893_T1w.nii.gz,/mnt/NAS-Progetti/BrainAtrophy/Normative Model/AABC/derivatives/fastsurfer/sub-HCA7924893,AABC
HCA7941388,/mnt/NAS-Progetti/BrainAtrophy/Normative Model/AABC/sub-HCA7941388/anat/sub-HCA7941388_T1w.nii.gz,/mnt/NAS-Progetti/BrainAtrophy/Normative Model/AABC/derivatives/fastsurfer/sub-HCA7941388,AABC
HCA7954094,/mnt/NAS-Progetti/BrainAtrophy/Normative Model/AABC/sub-HCA7954094/anat/sub-HCA7954094_T1w.nii.gz,/mnt/NAS-Progetti/BrainAtrophy/Normative Model/AABC/derivatives/fastsurfer/sub-HCA7954094,AABC
HCA7962902,/mnt/NAS-Progetti/BrainAtrophy/Normative Model/AABC/sub-HCA7962902/anat/sub-HCA7962902_T1w.nii.gz,/mnt/NAS-Progetti/BrainAtrophy/Normative Model/AABC/derivatives/fastsurfer/sub-HCA7962902,AABC
HCA7969815,/mnt/NAS-Progetti/BrainAtrophy/Normative Model/AABC/sub-HCA7969815/anat/sub-HCA7969815_T1w.nii.gz,/mnt/NAS-Progetti/BrainAtrophy/Normative Model/AABC/derivatives/fastsurfer/sub-HCA7969815,AABC
HCA7985712,/mnt/NAS-Progetti/BrainAtrophy/Normative Model/AABC/sub-HCA7985712/anat/sub-HCA7985712_T1w.nii.gz,/mnt/NAS-Progetti/BrainAtrophy/Normative Model/AABC/derivatives/fastsurfer/sub-HCA7985712,AABC
HCA7987312,/mnt/NAS-Progetti/BrainAtrophy/Normative Model/AABC/sub-HCA7987312/anat/sub-HCA7987312_T1w.nii.gz,/mnt/NAS-Progetti/BrainAtrophy/Normative Model/AABC/derivatives/fastsurfer/sub-HCA7987312,AABC
HCA7996616,/mnt/NAS-Progetti/BrainAtrophy/Normative Model/AABC/sub-HCA7996616/anat/sub-HCA7996616_T1w.nii.gz,/mnt/NAS-Progetti/BrainAtrophy/Normative Model/AABC/derivatives/fastsurfer/sub-HCA7996616,AABC
HCA7997113,/mnt/NAS-Progetti/BrainAtrophy/Normative Model/AABC/sub-HCA7997113/anat/sub-HCA7997113_T1w.nii.gz,/mnt/NAS-Progetti/BrainAtrophy/Normative Model/AABC/derivatives/fastsurfer/sub-HCA7997113,AABC
HCA8000040,/mnt/NAS-Progetti/BrainAtrophy/Normative Model/AABC/sub-HCA8000040/anat/sub-HCA8000040_T1w.nii.gz,/mnt/NAS-Progetti/BrainAtrophy/Normative Model/AABC/derivatives/fastsurfer/sub-HCA8000040,AABC
HCA8001042,/mnt/NAS-Progetti/BrainAtrophy/Normative Model/AABC/sub-HCA8001042/anat/sub-HCA8001042_T1w.nii.gz,/mnt/NAS-Progetti/BrainAtrophy/Normative Model/AABC/derivatives/fastsurfer/sub-HCA8001042,AABC
HCA8002448,/mnt/NAS-Progetti/BrainAtrophy/Normative Model/AABC/sub-HCA8002448/anat/sub-HCA8002448_T1w.nii.gz,/mnt/NAS-Progetti/BrainAtrophy/Normative Model/AABC/derivatives/fastsurfer/sub-HCA8002448,AABC
HCA8029973,/mnt/NAS-Progetti/BrainAtrophy/Normative Model/AABC/sub-HCA8029973/anat/sub-HCA8029973_T1w.nii.gz,/mnt/NAS-Progetti/BrainAtrophy/Normative Model/AABC/derivatives/fastsurfer/sub-HCA8029973,AABC
HCA8033560,/mnt/NAS-Progetti/BrainAtrophy/Normative Model/AABC/sub-HCA8033560/anat/sub-HCA8033560_T1w.nii.gz,/mnt/NAS-Progetti/BrainAtrophy/Normative Model/AABC/derivatives/fastsurfer/sub-HCA8033560,AABC
HCA8034158,/mnt/NAS-Progetti/BrainAtrophy/Normative Model/AABC/sub-HCA8034158/anat/sub-HCA8034158_T1w.nii.gz,/mnt/NAS-Progetti/BrainAtrophy/Normative Model/AABC/derivatives/fastsurfer/sub-HCA8034158,AABC
HCA8066878,/mnt/NAS-Progetti/BrainAtrophy/Normative Model/AABC/sub-HCA8066878/anat/sub-HCA8066878_T1w.nii.gz,/mnt/NAS-Progetti/BrainAtrophy/Normative Model/AABC/derivatives/fastsurfer/sub-HCA8066878,AABC
HCA8073370,/mnt/NAS-Progetti/BrainAtrophy/Normative Model/AABC/sub-HCA8073370/anat/sub-HCA8073370_T1w.nii.gz,/mnt/NAS-Progetti/BrainAtrophy/Normative Model/AABC/derivatives/fastsurfer/sub-HCA8073370,AABC
HCA8089082,/mnt/NAS-Progetti/BrainAtrophy/Normative Model/AABC/sub-HCA8089082/anat/sub-HCA8089082_T1w.nii.gz,/mnt/NAS-Progetti/BrainAtrophy/Normative Model/AABC/derivatives/fastsurfer/sub-HCA8089082,AABC
HCA8091574,/mnt/NAS-Progetti/BrainAtrophy/Normative Model/AABC/sub-HCA8091574/anat/sub-HCA8091574_T1w.nii.gz,/mnt/NAS-Progetti/BrainAtrophy/Normative Model/AABC/derivatives/fastsurfer/sub-HCA8091574,AABC
HCA8099186,/mnt/NAS-Progetti/BrainAtrophy/Normative Model/AABC/sub-HCA8099186/anat/sub-HCA8099186_T1w.nii.gz,/mnt/NAS-Progetti/BrainAtrophy/Normative Model/AABC/derivatives/fastsurfer/sub-HCA8099186,AABC
HCA8114358,/mnt/NAS-Progetti/BrainAtrophy/Normative Model/AABC/sub-HCA8114358/anat/sub-HCA8114358_T1w.nii.gz,/mnt/NAS-Progetti/BrainAtrophy/Normative Model/AABC/derivatives/fastsurfer/sub-HCA8114358,AABC
HCA8121355,/mnt/NAS-Progetti/BrainAtrophy/Normative Model/AABC/sub-HCA8121355/anat/sub-HCA8121355_T1w.nii.gz,/mnt/NAS-Progetti/BrainAtrophy/Normative Model/AABC/derivatives/fastsurfer/sub-HCA8121355,AABC
HCA8127165,/mnt/NAS-Progetti/BrainAtrophy/Normative Model/AABC/sub-HCA8127165/anat/sub-HCA8127165_T1w.nii.gz,/mnt/NAS-Progetti/BrainAtrophy/Normative Model/AABC/derivatives/fastsurfer/sub-HCA8127165,AABC
HCA8140662,/mnt/NAS-Progetti/BrainAtrophy/Normative Model/AABC/sub-HCA8140662/anat/sub-HCA8140662_T1w.nii.gz,/mnt/NAS-Progetti/BrainAtrophy/Normative Model/AABC/derivatives/fastsurfer/sub-HCA8140662,AABC
HCA8141563,/mnt/NAS-Progetti/BrainAtrophy/Normative Model/AABC/sub-HCA8141563/anat/sub-HCA8141563_T1w.nii.gz,/mnt/NAS-Progetti/BrainAtrophy/Normative Model/AABC/derivatives/fastsurfer/sub-HCA8141563,AABC
HCA8142767,/mnt/NAS-Progetti/BrainAtrophy/Normative Model/AABC/sub-HCA8142767/anat/sub-HCA8142767_T1w.nii.gz,/mnt/NAS-Progetti/BrainAtrophy/Normative Model/AABC/derivatives/fastsurfer/sub-HCA8142767,AABC
HCA8154168,/mnt/NAS-Progetti/BrainAtrophy/Normative Model/AABC/sub-HCA8154168/anat/sub-HCA8154168_T1w.nii.gz,/mnt/NAS-Progetti/BrainAtrophy/Normative Model/AABC/derivatives/fastsurfer/sub-HCA8154168,AABC
HCA8187587,/mnt/NAS-Progetti/BrainAtrophy/Normative Model/AABC/sub-HCA8187587/anat/sub-HCA8187587_T1w.nii.gz,/mnt/NAS-Progetti/BrainAtrophy/Normative Model/AABC/derivatives/fastsurfer/sub-HCA8187587,AABC
HCA8191679,/mnt/NAS-Progetti/BrainAtrophy/Normative Model/AABC/sub-HCA8191679/anat/sub-HCA8191679_T1w.nii.gz,/mnt/NAS-Progetti/BrainAtrophy/Normative Model/AABC/derivatives/fastsurfer/sub-HCA8191679,AABC
HCA8206666,/mnt/NAS-Progetti/BrainAtrophy/Normative Model/AABC/sub-HCA8206666/anat/sub-HCA8206666_T1w.nii.gz,/mnt/NAS-Progetti/BrainAtrophy/Normative Model/AABC/derivatives/fastsurfer/sub-HCA8206666,AABC
HCA8209672,/mnt/NAS-Progetti/BrainAtrophy/Normative Model/AABC/sub-HCA8209672/anat/sub-HCA8209672_T1w.nii.gz,/mnt/NAS-Progetti/BrainAtrophy/Normative Model/AABC/derivatives/fastsurfer/sub-HCA8209672,AABC
HCA8252471,/mnt/NAS-Progetti/BrainAtrophy/Normative Model/AABC/sub-HCA8252471/anat/sub-HCA8252471_T1w.nii.gz,/mnt/NAS-Progetti/BrainAtrophy/Normative Model/AABC/derivatives/fastsurfer/sub-HCA8252471,AABC
HCA8267383,/mnt/NAS-Progetti/BrainAtrophy/Normative Model/AABC/sub-HCA8267383/anat/sub-HCA8267383_T1w.nii.gz,/mnt/NAS-Progetti/BrainAtrophy/Normative Model/AABC/derivatives/fastsurfer/sub-HCA8267383,AABC
HCA8274481,/mnt/NAS-Progetti/BrainAtrophy/Normative Model/AABC/sub-HCA8274481/anat/sub-HCA8274481_T1w.nii.gz,/mnt/NAS-Progetti/BrainAtrophy/Normative Model/AABC/derivatives/fastsurfer/sub-HCA8274481,AABC
HCA8280274,/mnt/NAS-Progetti/BrainAtrophy/Normative Model/AABC/sub-HCA8280274/anat/sub-HCA8280274_T1w.nii.gz,/mnt/NAS-Progetti/BrainAtrophy/Normative Model/AABC/derivatives/fastsurfer/sub-HCA8280274,AABC
HCA8301963,/mnt/NAS-Progetti/BrainAtrophy/Normative Model/AABC/sub-HCA8301963/anat/sub-HCA8301963_T1w.nii.gz,/mnt/NAS-Progetti/BrainAtrophy/Normative Model/AABC/derivatives/fastsurfer/sub-HCA8301963,AABC
HCA8307773,/mnt/NAS-Progetti/BrainAtrophy/Normative Model/AABC/sub-HCA8307773/anat/sub-HCA8307773_T1w.nii.gz,/mnt/NAS-Progetti/BrainAtrophy/Normative Model/AABC/derivatives/fastsurfer/sub-HCA8307773,AABC
HCA8321565,/mnt/NAS-Progetti/BrainAtrophy/Normative Model/AABC/sub-HCA8321565/anat/sub-HCA8321565_T1w.nii.gz,/mnt/NAS-Progetti/BrainAtrophy/Normative Model/AABC/derivatives/fastsurfer/sub-HCA8321565,AABC
HCA8322264,/mnt/NAS-Progetti/BrainAtrophy/Normative Model/AABC/sub-HCA8322264/anat/sub-HCA8322264_T1w.nii.gz,/mnt/NAS-Progetti/BrainAtrophy/Normative Model/AABC/derivatives/fastsurfer/sub-HCA8322264,AABC
HCA8324975,/mnt/NAS-Progetti/BrainAtrophy/Normative Model/AABC/sub-HCA8324975/anat/sub-HCA8324975_T1w.nii.gz,/mnt/NAS-Progetti/BrainAtrophy/Normative Model/AABC/derivatives/fastsurfer/sub-HCA8324975,AABC
HCA8366284,/mnt/NAS-Progetti/BrainAtrophy/Normative Model/AABC/sub-HCA8366284/anat/sub-HCA8366284_T1w.nii.gz,/mnt/NAS-Progetti/BrainAtrophy/Normative Model/AABC/derivatives/fastsurfer/sub-HCA8366284,AABC
HCA8371580,/mnt/NAS-Progetti/BrainAtrophy/Normative Model/AABC/sub-HCA8371580/anat/sub-HCA8371580_T1w.nii.gz,/mnt/NAS-Progetti/BrainAtrophy/Normative Model/AABC/derivatives/fastsurfer/sub-HCA8371580,AABC
HCA8378594,/mnt/NAS-Progetti/BrainAtrophy/Normative Model/AABC/sub-HCA8378594/anat/sub-HCA8378594_T1w.nii.gz,/mnt/NAS-Progetti/BrainAtrophy/Normative Model/AABC/derivatives/fastsurfer/sub-HCA8378594,AABC
HCA8391586,/mnt/NAS-Progetti/BrainAtrophy/Normative Model/AABC/sub-HCA8391586/anat/sub-HCA8391586_T1w.nii.gz,/mnt/NAS-Progetti/BrainAtrophy/Normative Model/AABC/derivatives/fastsurfer/sub-HCA8391586,AABC
HCA8394996,/mnt/NAS-Progetti/BrainAtrophy/Normative Model/AABC/sub-HCA8394996/anat/sub-HCA8394996_T1w.nii.gz,/mnt/NAS-Progetti/BrainAtrophy/Normative Model/AABC/derivatives/fastsurfer/sub-HCA8394996,AABC
HCA8402969,/mnt/NAS-Progetti/BrainAtrophy/Normative Model/AABC/sub-HCA8402969/anat/sub-HCA8402969_T1w.nii.gz,/mnt/NAS-Progetti/BrainAtrophy/Normative Model/AABC/derivatives/fastsurfer/sub-HCA8402969,AABC
HCA8421569,/mnt/NAS-Progetti/BrainAtrophy/Normative Model/AABC/sub-HCA8421569/anat/sub-HCA8421569_T1w.nii.gz,/mnt/NAS-Progetti/BrainAtrophy/Normative Model/AABC/derivatives/fastsurfer/sub-HCA8421569,AABC
HCA8432574,/mnt/NAS-Progetti/BrainAtrophy/Normative Model/AABC/sub-HCA8432574/anat/sub-HCA8432574_T1w.nii.gz,/mnt/NAS-Progetti/BrainAtrophy/Normative Model/AABC/derivatives/fastsurfer/sub-HCA8432574,AABC
HCA8434376,/mnt/NAS-Progetti/BrainAtrophy/Normative Model/AABC/sub-HCA8434376/anat/sub-HCA8434376_T1w.nii.gz,/mnt/NAS-Progetti/BrainAtrophy/Normative Model/AABC/derivatives/fastsurfer/sub-HCA8434376,AABC
HCA8435176,/mnt/NAS-Progetti/BrainAtrophy/Normative Model/AABC/sub-HCA8435176/anat/sub-HCA8435176_T1w.nii.gz,/mnt/NAS-Progetti/BrainAtrophy/Normative Model/AABC/derivatives/fastsurfer/sub-HCA8435176,AABC
HCA8435277,/mnt/NAS-Progetti/BrainAtrophy/Normative Model/AABC/sub-HCA8435277/anat/sub-HCA8435277_T1w.nii.gz,/mnt/NAS-Progetti/BrainAtrophy/Normative Model/AABC/derivatives/fastsurfer/sub-HCA8435277,AABC
HCA8446383,/mnt/NAS-Progetti/BrainAtrophy/Normative Model/AABC/sub-HCA8446383/anat/sub-HCA8446383_T1w.nii.gz,/mnt/NAS-Progetti/BrainAtrophy/Normative Model/AABC/derivatives/fastsurfer/sub-HCA8446383,AABC
HCA8455687,/mnt/NAS-Progetti/BrainAtrophy/Normative Model/AABC/sub-HCA8455687/anat/sub-HCA8455687_T1w.nii.gz,/mnt/NAS-Progetti/BrainAtrophy/Normative Model/AABC/derivatives/fastsurfer/sub-HCA8455687,AABC
HCA8456386,/mnt/NAS-Progetti/BrainAtrophy/Normative Model/AABC/sub-HCA8456386/anat/sub-HCA8456386_T1w.nii.gz,/mnt/NAS-Progetti/BrainAtrophy/Normative Model/AABC/derivatives/fastsurfer/sub-HCA8456386,AABC
HCA8463787,/mnt/NAS-Progetti/BrainAtrophy/Normative Model/AABC/sub-HCA8463787/anat/sub-HCA8463787_T1w.nii.gz,/mnt/NAS-Progetti/BrainAtrophy/Normative Model/AABC/derivatives/fastsurfer/sub-HCA8463787,AABC
HCA8480282,/mnt/NAS-Progetti/BrainAtrophy/Normative Model/AABC/sub-HCA8480282/anat/sub-HCA8480282_T1w.nii.gz,/mnt/NAS-Progetti/BrainAtrophy/Normative Model/AABC/derivatives/fastsurfer/sub-HCA8480282,AABC
HCA8494899,/mnt/NAS-Progetti/BrainAtrophy/Normative Model/AABC/sub-HCA8494899/anat/sub-HCA8494899_T1w.nii.gz,/mnt/NAS-Progetti/BrainAtrophy/Normative Model/AABC/derivatives/fastsurfer/sub-HCA8494899,AABC
HCA8502872,/mnt/NAS-Progetti/BrainAtrophy/Normative Model/AABC/sub-HCA8502872/anat/sub-HCA8502872_T1w.nii.gz,/mnt/NAS-Progetti/BrainAtrophy/Normative Model/AABC/derivatives/fastsurfer/sub-HCA8502872,AABC
HCA8509785,/mnt/NAS-Progetti/BrainAtrophy/Normative Model/AABC/sub-HCA8509785/anat/sub-HCA8509785_T1w.nii.gz,/mnt/NAS-Progetti/BrainAtrophy/Normative Model/AABC/derivatives/fastsurfer/sub-HCA8509785,AABC
HCA8515578,/mnt/NAS-Progetti/BrainAtrophy/Normative Model/AABC/sub-HCA8515578/anat/sub-HCA8515578_T1w.nii.gz,/mnt/NAS-Progetti/BrainAtrophy/Normative Model/AABC/derivatives/fastsurfer/sub-HCA8515578,AABC
HCA8536081,/mnt/NAS-Progetti/BrainAtrophy/Normative Model/AABC/sub-HCA8536081/anat/sub-HCA8536081_T1w.nii.gz,/mnt/NAS-Progetti/BrainAtrophy/Normative Model/AABC/derivatives/fastsurfer/sub-HCA8536081,AABC
HCA8537992,/mnt/NAS-Progetti/BrainAtrophy/Normative Model/AABC/sub-HCA8537992/anat/sub-HCA8537992_T1w.nii.gz,/mnt/NAS-Progetti/BrainAtrophy/Normative Model/AABC/derivatives/fastsurfer/sub-HCA8537992,AABC
HCA8542379,/mnt/NAS-Progetti/BrainAtrophy/Normative Model/AABC/sub-HCA8542379/anat/sub-HCA8542379_T1w.nii.gz,/mnt/NAS-Progetti/BrainAtrophy/Normative Model/AABC/derivatives/fastsurfer/sub-HCA8542379,AABC
HCA8547490,/mnt/NAS-Progetti/BrainAtrophy/Normative Model/AABC/sub-HCA8547490/anat/sub-HCA8547490_T1w.nii.gz,/mnt/NAS-Progetti/BrainAtrophy/Normative Model/AABC/derivatives/fastsurfer/sub-HCA8547490,AABC
HCA8551784,/mnt/NAS-Progetti/BrainAtrophy/Normative Model/AABC/sub-HCA8551784/anat/sub-HCA8551784_T1w.nii.gz,/mnt/NAS-Progetti/BrainAtrophy/Normative Model/AABC/derivatives/fastsurfer/sub-HCA8551784,AABC
HCA8555489,/mnt/NAS-Progetti/BrainAtrophy/Normative Model/AABC/sub-HCA8555489/anat/sub-HCA8555489_T1w.nii.gz,/mnt/NAS-Progetti/BrainAtrophy/Normative Model/AABC/derivatives/fastsurfer/sub-HCA8555489,AABC
HCA8557796,/mnt/NAS-Progetti/BrainAtrophy/Normative Model/AABC/sub-HCA8557796/anat/sub-HCA8557796_T1w.nii.gz,/mnt/NAS-Progetti/BrainAtrophy/Normative Model/AABC/derivatives/fastsurfer/sub-HCA8557796,AABC
HCA8580387,/mnt/NAS-Progetti/BrainAtrophy/Normative Model/AABC/sub-HCA8580387/anat/sub-HCA8580387_T1w.nii.gz,/mnt/NAS-Progetti/BrainAtrophy/Normative Model/AABC/derivatives/fastsurfer/sub-HCA8580387,AABC
HCA8589608,/mnt/NAS-Progetti/BrainAtrophy/Normative Model/AABC/sub-HCA8589608/anat/sub-HCA8589608_T1w.nii.gz,/mnt/NAS-Progetti/BrainAtrophy/Normative Model/AABC/derivatives/fastsurfer/sub-HCA8589608,AABC
HCA8591796,/mnt/NAS-Progetti/BrainAtrophy/Normative Model/AABC/sub-HCA8591796/anat/sub-HCA8591796_T1w.nii.gz,/mnt/NAS-Progetti/BrainAtrophy/Normative Model/AABC/derivatives/fastsurfer/sub-HCA8591796,AABC
HCA8596099,/mnt/NAS-Progetti/BrainAtrophy/Normative Model/AABC/sub-HCA8596099/anat/sub-HCA8596099_T1w.nii.gz,/mnt/NAS-Progetti/BrainAtrophy/Normative Model/AABC/derivatives/fastsurfer/sub-HCA8596099,AABC
HCA8596403,/mnt/NAS-Progetti/BrainAtrophy/Normative Model/AABC/sub-HCA8596403/anat/sub-HCA8596403_T1w.nii.gz,/mnt/NAS-Progetti/BrainAtrophy/Normative Model/AABC/derivatives/fastsurfer/sub-HCA8596403,AABC
HCA8597708,/mnt/NAS-Progetti/BrainAtrophy/Normative Model/AABC/sub-HCA8597708/anat/sub-HCA8597708_T1w.nii.gz,/mnt/NAS-Progetti/BrainAtrophy/Normative Model/AABC/derivatives/fastsurfer/sub-HCA8597708,AABC
HCA8617889,/mnt/NAS-Progetti/BrainAtrophy/Normative Model/AABC/sub-HCA8617889/anat/sub-HCA8617889_T1w.nii.gz,/mnt/NAS-Progetti/BrainAtrophy/Normative Model/AABC/derivatives/fastsurfer/sub-HCA8617889,AABC
HCA8618992,/mnt/NAS-Progetti/BrainAtrophy/Normative Model/AABC/sub-HCA8618992/anat/sub-HCA8618992_T1w.nii.gz,/mnt/NAS-Progetti/BrainAtrophy/Normative Model/AABC/derivatives/fastsurfer/sub-HCA8618992,AABC
HCA8619994,/mnt/NAS-Progetti/BrainAtrophy/Normative Model/AABC/sub-HCA8619994/anat/sub-HCA8619994_T1w.nii.gz,/mnt/NAS-Progetti/BrainAtrophy/Normative Model/AABC/derivatives/fastsurfer/sub-HCA8619994,AABC
HCA8620070,/mnt/NAS-Progetti/BrainAtrophy/Normative Model/AABC/sub-HCA8620070/anat/sub-HCA8620070_T1w.nii.gz,/mnt/NAS-Progetti/BrainAtrophy/Normative Model/AABC/derivatives/fastsurfer/sub-HCA8620070,AABC
HCA8620979,/mnt/NAS-Progetti/BrainAtrophy/Normative Model/AABC/sub-HCA8620979/anat/sub-HCA8620979_T1w.nii.gz,/mnt/NAS-Progetti/BrainAtrophy/Normative Model/AABC/derivatives/fastsurfer/sub-HCA8620979,AABC
HCA8626082,/mnt/NAS-Progetti/BrainAtrophy/Normative Model/AABC/sub-HCA8626082/anat/sub-HCA8626082_T1w.nii.gz,/mnt/NAS-Progetti/BrainAtrophy/Normative Model/AABC/derivatives/fastsurfer/sub-HCA8626082,AABC
HCA8646593,/mnt/NAS-Progetti/BrainAtrophy/Normative Model/AABC/sub-HCA8646593/anat/sub-HCA8646593_T1w.nii.gz,/mnt/NAS-Progetti/BrainAtrophy/Normative Model/AABC/derivatives/fastsurfer/sub-HCA8646593,AABC
HCA8657295,/mnt/NAS-Progetti/BrainAtrophy/Normative Model/AABC/sub-HCA8657295/anat/sub-HCA8657295_T1w.nii.gz,/mnt/NAS-Progetti/BrainAtrophy/Normative Model/AABC/derivatives/fastsurfer/sub-HCA8657295,AABC
HCA8672190,/mnt/NAS-Progetti/BrainAtrophy/Normative Model/AABC/sub-HCA8672190/anat/sub-HCA8672190_T1w.nii.gz,/mnt/NAS-Progetti/BrainAtrophy/Normative Model/AABC/derivatives/fastsurfer/sub-HCA8672190,AABC
HCA8674902,/mnt/NAS-Progetti/BrainAtrophy/Normative Model/AABC/sub-HCA8674902/anat/sub-HCA8674902_T1w.nii.gz,/mnt/NAS-Progetti/BrainAtrophy/Normative Model/AABC/derivatives/fastsurfer/sub-HCA8674902,AABC
HCA8697005,/mnt/NAS-Progetti/BrainAtrophy/Normative Model/AABC/sub-HCA8697005/anat/sub-HCA8697005_T1w.nii.gz,/mnt/NAS-Progetti/BrainAtrophy/Normative Model/AABC/derivatives/fastsurfer/sub-HCA8697005,AABC
HCA8702577,/mnt/NAS-Progetti/BrainAtrophy/Normative Model/AABC/sub-HCA8702577/anat/sub-HCA8702577_T1w.nii.gz,/mnt/NAS-Progetti/BrainAtrophy/Normative Model/AABC/derivatives/fastsurfer/sub-HCA8702577,AABC
HCA8711477,/mnt/NAS-Progetti/BrainAtrophy/Normative Model/AABC/sub-HCA8711477/anat/sub-HCA8711477_T1w.nii.gz,/mnt/NAS-Progetti/BrainAtrophy/Normative Model/AABC/derivatives/fastsurfer/sub-HCA8711477,AABC
HCA8712883,/mnt/NAS-Progetti/BrainAtrophy/Normative Model/AABC/sub-HCA8712883/anat/sub-HCA8712883_T1w.nii.gz,/mnt/NAS-Progetti/BrainAtrophy/Normative Model/AABC/derivatives/fastsurfer/sub-HCA8712883,AABC
HCA8724991,/mnt/NAS-Progetti/BrainAtrophy/Normative Model/AABC/sub-HCA8724991/anat/sub-HCA8724991_T1w.nii.gz,/mnt/NAS-Progetti/BrainAtrophy/Normative Model/AABC/derivatives/fastsurfer/sub-HCA8724991,AABC
HCA8738699,/mnt/NAS-Progetti/BrainAtrophy/Normative Model/AABC/sub-HCA8738699/anat/sub-HCA8738699_T1w.nii.gz,/mnt/NAS-Progetti/BrainAtrophy/Normative Model/AABC/derivatives/fastsurfer/sub-HCA8738699,AABC
HCA8743187,/mnt/NAS-Progetti/BrainAtrophy/Normative Model/AABC/sub-HCA8743187/anat/sub-HCA8743187_T1w.nii.gz,/mnt/NAS-Progetti/BrainAtrophy/Normative Model/AABC/derivatives/fastsurfer/sub-HCA8743187,AABC
HCA8743288,/mnt/NAS-Progetti/BrainAtrophy/Normative Model/AABC/sub-HCA8743288/anat/sub-HCA8743288_T1w.nii.gz,/mnt/NAS-Progetti/BrainAtrophy/Normative Model/AABC/derivatives/fastsurfer/sub-HCA8743288,AABC
HCA8748703,/mnt/NAS-Progetti/BrainAtrophy/Normative Model/AABC/sub-HCA8748703/anat/sub-HCA8748703_T1w.nii.gz,/mnt/NAS-Progetti/BrainAtrophy/Normative Model/AABC/derivatives/fastsurfer/sub-HCA8748703,AABC
HCA8749907,/mnt/NAS-Progetti/BrainAtrophy/Normative Model/AABC/sub-HCA8749907/anat/sub-HCA8749907_T1w.nii.gz,/mnt/NAS-Progetti/BrainAtrophy/Normative Model/AABC/derivatives/fastsurfer/sub-HCA8749907,AABC
HCA8767505,/mnt/NAS-Progetti/BrainAtrophy/Normative Model/AABC/sub-HCA8767505/anat/sub-HCA8767505_T1w.nii.gz,/mnt/NAS-Progetti/BrainAtrophy/Normative Model/AABC/derivatives/fastsurfer/sub-HCA8767505,AABC
HCA8794407,/mnt/NAS-Progetti/BrainAtrophy/Normative Model/AABC/sub-HCA8794407/anat/sub-HCA8794407_T1w.nii.gz,/mnt/NAS-Progetti/BrainAtrophy/Normative Model/AABC/derivatives/fastsurfer/sub-HCA8794407,AABC
HCA8795813,/mnt/NAS-Progetti/BrainAtrophy/Normative Model/AABC/sub-HCA8795813/anat/sub-HCA8795813_T1w.nii.gz,/mnt/NAS-Progetti/BrainAtrophy/Normative Model/AABC/derivatives/fastsurfer/sub-HCA8795813,AABC
HCA8796916,/mnt/NAS-Progetti/BrainAtrophy/Normative Model/AABC/sub-HCA8796916/anat/sub-HCA8796916_T1w.nii.gz,/mnt/NAS-Progetti/BrainAtrophy/Normative Model/AABC/derivatives/fastsurfer/sub-HCA8796916,AABC
HCA8797211,/mnt/NAS-Progetti/BrainAtrophy/Normative Model/AABC/sub-HCA8797211/anat/sub-HCA8797211_T1w.nii.gz,/mnt/NAS-Progetti/BrainAtrophy/Normative Model/AABC/derivatives/fastsurfer/sub-HCA8797211,AABC
HCA8825997,/mnt/NAS-Progetti/BrainAtrophy/Normative Model/AABC/sub-HCA8825997/anat/sub-HCA8825997_T1w.nii.gz,/mnt/NAS-Progetti/BrainAtrophy/Normative Model/AABC/derivatives/fastsurfer/sub-HCA8825997,AABC
HCA8858710,/mnt/NAS-Progetti/BrainAtrophy/Normative Model/AABC/sub-HCA8858710/anat/sub-HCA8858710_T1w.nii.gz,/mnt/NAS-Progetti/BrainAtrophy/Normative Model/AABC/derivatives/fastsurfer/sub-HCA8858710,AABC
HCA8866406,/mnt/NAS-Progetti/BrainAtrophy/Normative Model/AABC/sub-HCA8866406/anat/sub-HCA8866406_T1w.nii.gz,/mnt/NAS-Progetti/BrainAtrophy/Normative Model/AABC/derivatives/fastsurfer/sub-HCA8866406,AABC
HCA8868915,/mnt/NAS-Progetti/BrainAtrophy/Normative Model/AABC/sub-HCA8868915/anat/sub-HCA8868915_T1w.nii.gz,/mnt/NAS-Progetti/BrainAtrophy/Normative Model/AABC/derivatives/fastsurfer/sub-HCA8868915,AABC
HCA8869513,/mnt/NAS-Progetti/BrainAtrophy/Normative Model/AABC/sub-HCA8869513/anat/sub-HCA8869513_T1w.nii.gz,/mnt/NAS-Progetti/BrainAtrophy/Normative Model/AABC/derivatives/fastsurfer/sub-HCA8869513,AABC
HCA8871196,/mnt/NAS-Progetti/BrainAtrophy/Normative Model/AABC/sub-HCA8871196/anat/sub-HCA8871196_T1w.nii.gz,/mnt/NAS-Progetti/BrainAtrophy/Normative Model/AABC/derivatives/fastsurfer/sub-HCA8871196,AABC
HCA8899118,/mnt/NAS-Progetti/BrainAtrophy/Normative Model/AABC/sub-HCA8899118/anat/sub-HCA8899118_T1w.nii.gz,/mnt/NAS-Progetti/BrainAtrophy/Normative Model/AABC/derivatives/fastsurfer/sub-HCA8899118,AABC
HCA8902080,/mnt/NAS-Progetti/BrainAtrophy/Normative Model/AABC/sub-HCA8902080/anat/sub-HCA8902080_T1w.nii.gz,/mnt/NAS-Progetti/BrainAtrophy/Normative Model/AABC/derivatives/fastsurfer/sub-HCA8902080,AABC
HCA8913388,/mnt/NAS-Progetti/BrainAtrophy/Normative Model/AABC/sub-HCA8913388/anat/sub-HCA8913388_T1w.nii.gz,/mnt/NAS-Progetti/BrainAtrophy/Normative Model/AABC/derivatives/fastsurfer/sub-HCA8913388,AABC
HCA8929707,/mnt/NAS-Progetti/BrainAtrophy/Normative Model/AABC/sub-HCA8929707/anat/sub-HCA8929707_T1w.nii.gz,/mnt/NAS-Progetti/BrainAtrophy/Normative Model/AABC/derivatives/fastsurfer/sub-HCA8929707,AABC
HCA8934497,/mnt/NAS-Progetti/BrainAtrophy/Normative Model/AABC/sub-HCA8934497/anat/sub-HCA8934497_T1w.nii.gz,/mnt/NAS-Progetti/BrainAtrophy/Normative Model/AABC/derivatives/fastsurfer/sub-HCA8934497,AABC
HCA8947709,/mnt/NAS-Progetti/BrainAtrophy/Normative Model/AABC/sub-HCA8947709/anat/sub-HCA8947709_T1w.nii.gz,/mnt/NAS-Progetti/BrainAtrophy/Normative Model/AABC/derivatives/fastsurfer/sub-HCA8947709,AABC
HCA8949006,/mnt/NAS-Progetti/BrainAtrophy/Normative Model/AABC/sub-HCA8949006/anat/sub-HCA8949006_T1w.nii.gz,/mnt/NAS-Progetti/BrainAtrophy/Normative Model/AABC/derivatives/fastsurfer/sub-HCA8949006,AABC
HCA8953603,/mnt/NAS-Progetti/BrainAtrophy/Normative Model/AABC/sub-HCA8953603/anat/sub-HCA8953603_T1w.nii.gz,/mnt/NAS-Progetti/BrainAtrophy/Normative Model/AABC/derivatives/fastsurfer/sub-HCA8953603,AABC
HCA8953805,/mnt/NAS-Progetti/BrainAtrophy/Normative Model/AABC/sub-HCA8953805/anat/sub-HCA8953805_T1w.nii.gz,/mnt/NAS-Progetti/BrainAtrophy/Normative Model/AABC/derivatives/fastsurfer/sub-HCA8953805,AABC
HCA8968010,/mnt/NAS-Progetti/BrainAtrophy/Normative Model/AABC/sub-HCA8968010/anat/sub-HCA8968010_T1w.nii.gz,/mnt/NAS-Progetti/BrainAtrophy/Normative Model/AABC/derivatives/fastsurfer/sub-HCA8968010,AABC
HCA8974005,/mnt/NAS-Progetti/BrainAtrophy/Normative Model/AABC/sub-HCA8974005/anat/sub-HCA8974005_T1w.nii.gz,/mnt/NAS-Progetti/BrainAtrophy/Normative Model/AABC/derivatives/fastsurfer/sub-HCA8974005,AABC
HCA8980404,/mnt/NAS-Progetti/BrainAtrophy/Normative Model/AABC/sub-HCA8980404/anat/sub-HCA8980404_T1w.nii.gz,/mnt/NAS-Progetti/BrainAtrophy/Normative Model/AABC/derivatives/fastsurfer/sub-HCA8980404,AABC
HCA8980606,/mnt/NAS-Progetti/BrainAtrophy/Normative Model/AABC/sub-HCA8980606/anat/sub-HCA8980606_T1w.nii.gz,/mnt/NAS-Progetti/BrainAtrophy/Normative Model/AABC/derivatives/fastsurfer/sub-HCA8980606,AABC
HCA8985212,/mnt/NAS-Progetti/BrainAtrophy/Normative Model/AABC/sub-HCA8985212/anat/sub-HCA8985212_T1w.nii.gz,/mnt/NAS-Progetti/BrainAtrophy/Normative Model/AABC/derivatives/fastsurfer/sub-HCA8985212,AABC
HCA9007968,/mnt/NAS-Progetti/BrainAtrophy/Normative Model/AABC/sub-HCA9007968/anat/sub-HCA9007968_T1w.nii.gz,/mnt/NAS-Progetti/BrainAtrophy/Normative Model/AABC/derivatives/fastsurfer/sub-HCA9007968,AABC
HCA9017668,/mnt/NAS-Progetti/BrainAtrophy/Normative Model/AABC/sub-HCA9017668/anat/sub-HCA9017668_T1w.nii.gz,/mnt/NAS-Progetti/BrainAtrophy/Normative Model/AABC/derivatives/fastsurfer/sub-HCA9017668,AABC
HCA9026467,/mnt/NAS-Progetti/BrainAtrophy/Normative Model/AABC/sub-HCA9026467/anat/sub-HCA9026467_T1w.nii.gz,/mnt/NAS-Progetti/BrainAtrophy/Normative Model/AABC/derivatives/fastsurfer/sub-HCA9026467,AABC
HCA9034264,/mnt/NAS-Progetti/BrainAtrophy/Normative Model/AABC/sub-HCA9034264/anat/sub-HCA9034264_T1w.nii.gz,/mnt/NAS-Progetti/BrainAtrophy/Normative Model/AABC/derivatives/fastsurfer/sub-HCA9034264,AABC
HCA9058682,/mnt/NAS-Progetti/BrainAtrophy/Normative Model/AABC/sub-HCA9058682/anat/sub-HCA9058682_T1w.nii.gz,/mnt/NAS-Progetti/BrainAtrophy/Normative Model/AABC/derivatives/fastsurfer/sub-HCA9058682,AABC
HCA9061974,/mnt/NAS-Progetti/BrainAtrophy/Normative Model/AABC/sub-HCA9061974/anat/sub-HCA9061974_T1w.nii.gz,/mnt/NAS-Progetti/BrainAtrophy/Normative Model/AABC/derivatives/fastsurfer/sub-HCA9061974,AABC
HCA9064475,/mnt/NAS-Progetti/BrainAtrophy/Normative Model/AABC/sub-HCA9064475/anat/sub-HCA9064475_T1w.nii.gz,/mnt/NAS-Progetti/BrainAtrophy/Normative Model/AABC/derivatives/fastsurfer/sub-HCA9064475,AABC
HCA9067178,/mnt/NAS-Progetti/BrainAtrophy/Normative Model/AABC/sub-HCA9067178/anat/sub-HCA9067178_T1w.nii.gz,/mnt/NAS-Progetti/BrainAtrophy/Normative Model/AABC/derivatives/fastsurfer/sub-HCA9067178,AABC
HCA9067683,/mnt/NAS-Progetti/BrainAtrophy/Normative Model/AABC/sub-HCA9067683/anat/sub-HCA9067683_T1w.nii.gz,/mnt/NAS-Progetti/BrainAtrophy/Normative Model/AABC/derivatives/fastsurfer/sub-HCA9067683,AABC
HCA9082477,/mnt/NAS-Progetti/BrainAtrophy/Normative Model/AABC/sub-HCA9082477/anat/sub-HCA9082477_T1w.nii.gz,/mnt/NAS-Progetti/BrainAtrophy/Normative Model/AABC/derivatives/fastsurfer/sub-HCA9082477,AABC
HCA9084077,/mnt/NAS-Progetti/BrainAtrophy/Normative Model/AABC/sub-HCA9084077/anat/sub-HCA9084077_T1w.nii.gz,/mnt/NAS-Progetti/BrainAtrophy/Normative Model/AABC/derivatives/fastsurfer/sub-HCA9084077,AABC
HCA9088388,/mnt/NAS-Progetti/BrainAtrophy/Normative Model/AABC/sub-HCA9088388/anat/sub-HCA9088388_T1w.nii.gz,/mnt/NAS-Progetti/BrainAtrophy/Normative Model/AABC/derivatives/fastsurfer/sub-HCA9088388,AABC
HCA9094484,/mnt/NAS-Progetti/BrainAtrophy/Normative Model/AABC/sub-HCA9094484/anat/sub-HCA9094484_T1w.nii.gz,/mnt/NAS-Progetti/BrainAtrophy/Normative Model/AABC/derivatives/fastsurfer/sub-HCA9094484,AABC
HCA9096690,/mnt/NAS-Progetti/BrainAtrophy/Normative Model/AABC/sub-HCA9096690/anat/sub-HCA9096690_T1w.nii.gz,/mnt/NAS-Progetti/BrainAtrophy/Normative Model/AABC/derivatives/fastsurfer/sub-HCA9096690,AABC
HCA9099999,/mnt/NAS-Progetti/BrainAtrophy/Normative Model/AABC/sub-HCA9099999/anat/sub-HCA9099999_T1w.nii.gz,/mnt/NAS-Progetti/BrainAtrophy/Normative Model/AABC/derivatives/fastsurfer/sub-HCA9099999,AABC
HCA9105362,/mnt/NAS-Progetti/BrainAtrophy/Normative Model/AABC/sub-HCA9105362/anat/sub-HCA9105362_T1w.nii.gz,/mnt/NAS-Progetti/BrainAtrophy/Normative Model/AABC/derivatives/fastsurfer/sub-HCA9105362,AABC
HCA9150468,/mnt/NAS-Progetti/BrainAtrophy/Normative Model/AABC/sub-HCA9150468/anat/sub-HCA9150468_T1w.nii.gz,/mnt/NAS-Progetti/BrainAtrophy/Normative Model/AABC/derivatives/fastsurfer/sub-HCA9150468,AABC
HCA9166786,/mnt/NAS-Progetti/BrainAtrophy/Normative Model/AABC/sub-HCA9166786/anat/sub-HCA9166786_T1w.nii.gz,/mnt/NAS-Progetti/BrainAtrophy/Normative Model/AABC/derivatives/fastsurfer/sub-HCA9166786,AABC
HCA9170373,/mnt/NAS-Progetti/BrainAtrophy/Normative Model/AABC/sub-HCA9170373/anat/sub-HCA9170373_T1w.nii.gz,/mnt/NAS-Progetti/BrainAtrophy/Normative Model/AABC/derivatives/fastsurfer/sub-HCA9170373,AABC
HCA9176587,/mnt/NAS-Progetti/BrainAtrophy/Normative Model/AABC/sub-HCA9176587/anat/sub-HCA9176587_T1w.nii.gz,/mnt/NAS-Progetti/BrainAtrophy/Normative Model/AABC/derivatives/fastsurfer/sub-HCA9176587,AABC
HCA9190884,/mnt/NAS-Progetti/BrainAtrophy/Normative Model/AABC/sub-HCA9190884/anat/sub-HCA9190884_T1w.nii.gz,/mnt/NAS-Progetti/BrainAtrophy/Normative Model/AABC/derivatives/fastsurfer/sub-HCA9190884,AABC
HCA9211765,/mnt/NAS-Progetti/BrainAtrophy/Normative Model/AABC/sub-HCA9211765/anat/sub-HCA9211765_T1w.nii.gz,/mnt/NAS-Progetti/BrainAtrophy/Normative Model/AABC/derivatives/fastsurfer/sub-HCA9211765,AABC
HCA9217575,/mnt/NAS-Progetti/BrainAtrophy/Normative Model/AABC/sub-HCA9217575/anat/sub-HCA9217575_T1w.nii.gz,/mnt/NAS-Progetti/BrainAtrophy/Normative Model/AABC/derivatives/fastsurfer/sub-HCA9217575,AABC
HCA9226374,/mnt/NAS-Progetti/BrainAtrophy/Normative Model/AABC/sub-HCA9226374/anat/sub-HCA9226374_T1w.nii.gz,/mnt/NAS-Progetti/BrainAtrophy/Normative Model/AABC/derivatives/fastsurfer/sub-HCA9226374,AABC
HCA9239484,/mnt/NAS-Progetti/BrainAtrophy/Normative Model/AABC/sub-HCA9239484/anat/sub-HCA9239484_T1w.nii.gz,/mnt/NAS-Progetti/BrainAtrophy/Normative Model/AABC/derivatives/fastsurfer/sub-HCA9239484,AABC
HCA9256181,/mnt/NAS-Progetti/BrainAtrophy/Normative Model/AABC/sub-HCA9256181/anat/sub-HCA9256181_T1w.nii.gz,/mnt/NAS-Progetti/BrainAtrophy/Normative Model/AABC/derivatives/fastsurfer/sub-HCA9256181,AABC
HCA9256484,/mnt/NAS-Progetti/BrainAtrophy/Normative Model/AABC/sub-HCA9256484/anat/sub-HCA9256484_T1w.nii.gz,/mnt/NAS-Progetti/BrainAtrophy/Normative Model/AABC/derivatives/fastsurfer/sub-HCA9256484,AABC
HCA9262277,/mnt/NAS-Progetti/BrainAtrophy/Normative Model/AABC/sub-HCA9262277/anat/sub-HCA9262277_T1w.nii.gz,/mnt/NAS-Progetti/BrainAtrophy/Normative Model/AABC/derivatives/fastsurfer/sub-HCA9262277,AABC
HCA9279597,/mnt/NAS-Progetti/BrainAtrophy/Normative Model/AABC/sub-HCA9279597/anat/sub-HCA9279597_T1w.nii.gz,/mnt/NAS-Progetti/BrainAtrophy/Normative Model/AABC/derivatives/fastsurfer/sub-HCA9279597,AABC
HCA9286392,/mnt/NAS-Progetti/BrainAtrophy/Normative Model/AABC/sub-HCA9286392/anat/sub-HCA9286392_T1w.nii.gz,/mnt/NAS-Progetti/BrainAtrophy/Normative Model/AABC/derivatives/fastsurfer/sub-HCA9286392,AABC
HCA9300764,/mnt/NAS-Progetti/BrainAtrophy/Normative Model/AABC/sub-HCA9300764/anat/sub-HCA9300764_T1w.nii.gz,/mnt/NAS-Progetti/BrainAtrophy/Normative Model/AABC/derivatives/fastsurfer/sub-HCA9300764,AABC
HCA9304772,/mnt/NAS-Progetti/BrainAtrophy/Normative Model/AABC/sub-HCA9304772/anat/sub-HCA9304772_T1w.nii.gz,/mnt/NAS-Progetti/BrainAtrophy/Normative Model/AABC/derivatives/fastsurfer/sub-HCA9304772,AABC
HCA9318076,/mnt/NAS-Progetti/BrainAtrophy/Normative Model/AABC/sub-HCA9318076/anat/sub-HCA9318076_T1w.nii.gz,/mnt/NAS-Progetti/BrainAtrophy/Normative Model/AABC/derivatives/fastsurfer/sub-HCA9318076,AABC
HCA9342578,/mnt/NAS-Progetti/BrainAtrophy/Normative Model/AABC/sub-HCA9342578/anat/sub-HCA9342578_T1w.nii.gz,/mnt/NAS-Progetti/BrainAtrophy/Normative Model/AABC/derivatives/fastsurfer/sub-HCA9342578,AABC
HCA9354585,/mnt/NAS-Progetti/BrainAtrophy/Normative Model/AABC/sub-HCA9354585/anat/sub-HCA9354585_T1w.nii.gz,/mnt/NAS-Progetti/BrainAtrophy/Normative Model/AABC/derivatives/fastsurfer/sub-HCA9354585,AABC
HCA9365287,/mnt/NAS-Progetti/BrainAtrophy/Normative Model/AABC/sub-HCA9365287/anat/sub-HCA9365287_T1w.nii.gz,/mnt/NAS-Progetti/BrainAtrophy/Normative Model/AABC/derivatives/fastsurfer/sub-HCA9365287,AABC
HCA9369902,/mnt/NAS-Progetti/BrainAtrophy/Normative Model/AABC/sub-HCA9369902/anat/sub-HCA9369902_T1w.nii.gz,/mnt/NAS-Progetti/BrainAtrophy/Normative Model/AABC/derivatives/fastsurfer/sub-HCA9369902,AABC
HCA9372789,/mnt/NAS-Progetti/BrainAtrophy/Normative Model/AABC/sub-HCA9372789/anat/sub-HCA9372789_T1w.nii.gz,/mnt/NAS-Progetti/BrainAtrophy/Normative Model/AABC/derivatives/fastsurfer/sub-HCA9372789,AABC
HCA9389605,/mnt/NAS-Progetti/BrainAtrophy/Normative Model/AABC/sub-HCA9389605/anat/sub-HCA9389605_T1w.nii.gz,/mnt/NAS-Progetti/BrainAtrophy/Normative Model/AABC/derivatives/fastsurfer/sub-HCA9389605,AABC
HCA9390084,/mnt/NAS-Progetti/BrainAtrophy/Normative Model/AABC/sub-HCA9390084/anat/sub-HCA9390084_T1w.nii.gz,/mnt/NAS-Progetti/BrainAtrophy/Normative Model/AABC/derivatives/fastsurfer/sub-HCA9390084,AABC
HCA9402166,/mnt/NAS-Progetti/BrainAtrophy/Normative Model/AABC/sub-HCA9402166/anat/sub-HCA9402166_T1w.nii.gz,/mnt/NAS-Progetti/BrainAtrophy/Normative Model/AABC/derivatives/fastsurfer/sub-HCA9402166,AABC
HCA9409786,/mnt/NAS-Progetti/BrainAtrophy/Normative Model/AABC/sub-HCA9409786/anat/sub-HCA9409786_T1w.nii.gz,/mnt/NAS-Progetti/BrainAtrophy/Normative Model/AABC/derivatives/fastsurfer/sub-HCA9409786,AABC
HCA9416985,/mnt/NAS-Progetti/BrainAtrophy/Normative Model/AABC/sub-HCA9416985/anat/sub-HCA9416985_T1w.nii.gz,/mnt/NAS-Progetti/BrainAtrophy/Normative Model/AABC/derivatives/fastsurfer/sub-HCA9416985,AABC
HCA9420067,/mnt/NAS-Progetti/BrainAtrophy/Normative Model/AABC/sub-HCA9420067/anat/sub-HCA9420067_T1w.nii.gz,/mnt/NAS-Progetti/BrainAtrophy/Normative Model/AABC/derivatives/fastsurfer/sub-HCA9420067,AABC
HCA9424681,/mnt/NAS-Progetti/BrainAtrophy/Normative Model/AABC/sub-HCA9424681/anat/sub-HCA9424681_T1w.nii.gz,/mnt/NAS-Progetti/BrainAtrophy/Normative Model/AABC/derivatives/fastsurfer/sub-HCA9424681,AABC
HCA9436688,/mnt/NAS-Progetti/BrainAtrophy/Normative Model/AABC/sub-HCA9436688/anat/sub-HCA9436688_T1w.nii.gz,/mnt/NAS-Progetti/BrainAtrophy/Normative Model/AABC/derivatives/fastsurfer/sub-HCA9436688,AABC
HCA9438086,/mnt/NAS-Progetti/BrainAtrophy/Normative Model/AABC/sub-HCA9438086/anat/sub-HCA9438086_T1w.nii.gz,/mnt/NAS-Progetti/BrainAtrophy/Normative Model/AABC/derivatives/fastsurfer/sub-HCA9438086,AABC
HCA9449900,/mnt/NAS-Progetti/BrainAtrophy/Normative Model/AABC/sub-HCA9449900/anat/sub-HCA9449900_T1w.nii.gz,/mnt/NAS-Progetti/BrainAtrophy/Normative Model/AABC/derivatives/fastsurfer/sub-HCA9449900,AABC
HCA9452181,/mnt/NAS-Progetti/BrainAtrophy/Normative Model/AABC/sub-HCA9452181/anat/sub-HCA9452181_T1w.nii.gz,/mnt/NAS-Progetti/BrainAtrophy/Normative Model/AABC/derivatives/fastsurfer/sub-HCA9452181,AABC
HCA9460079,/mnt/NAS-Progetti/BrainAtrophy/Normative Model/AABC/sub-HCA9460079/anat/sub-HCA9460079_T1w.nii.gz,/mnt/NAS-Progetti/BrainAtrophy/Normative Model/AABC/derivatives/fastsurfer/sub-HCA9460079,AABC
HCA9461182,/mnt/NAS-Progetti/BrainAtrophy/Normative Model/AABC/sub-HCA9461182/anat/sub-HCA9461182_T1w.nii.gz,/mnt/NAS-Progetti/BrainAtrophy/Normative Model/AABC/derivatives/fastsurfer/sub-HCA9461182,AABC
HCA9469906,/mnt/NAS-Progetti/BrainAtrophy/Normative Model/AABC/sub-HCA9469906/anat/sub-HCA9469906_T1w.nii.gz,/mnt/NAS-Progetti/BrainAtrophy/Normative Model/AABC/derivatives/fastsurfer/sub-HCA9469906,AABC
HCA9492496,/mnt/NAS-Progetti/BrainAtrophy/Normative Model/AABC/sub-HCA9492496/anat/sub-HCA9492496_T1w.nii.gz,/mnt/NAS-Progetti/BrainAtrophy/Normative Model/AABC/derivatives/fastsurfer/sub-HCA9492496,AABC
HCA9514076,/mnt/NAS-Progetti/BrainAtrophy/Normative Model/AABC/sub-HCA9514076/anat/sub-HCA9514076_T1w.nii.gz,/mnt/NAS-Progetti/BrainAtrophy/Normative Model/AABC/derivatives/fastsurfer/sub-HCA9514076,AABC
HCA9515684,/mnt/NAS-Progetti/BrainAtrophy/Normative Model/AABC/sub-HCA9515684/anat/sub-HCA9515684_T1w.nii.gz,/mnt/NAS-Progetti/BrainAtrophy/Normative Model/AABC/derivatives/fastsurfer/sub-HCA9515684,AABC
HCA9532078,/mnt/NAS-Progetti/BrainAtrophy/Normative Model/AABC/sub-HCA9532078/anat/sub-HCA9532078_T1w.nii.gz,/mnt/NAS-Progetti/BrainAtrophy/Normative Model/AABC/derivatives/fastsurfer/sub-HCA9532078,AABC
HCA9539800,/mnt/NAS-Progetti/BrainAtrophy/Normative Model/AABC/sub-HCA9539800/anat/sub-HCA9539800_T1w.nii.gz,/mnt/NAS-Progetti/BrainAtrophy/Normative Model/AABC/derivatives/fastsurfer/sub-HCA9539800,AABC
HCA9546089,/mnt/NAS-Progetti/BrainAtrophy/Normative Model/AABC/sub-HCA9546089/anat/sub-HCA9546089_T1w.nii.gz,/mnt/NAS-Progetti/BrainAtrophy/Normative Model/AABC/derivatives/fastsurfer/sub-HCA9546089,AABC
HCA9546190,/mnt/NAS-Progetti/BrainAtrophy/Normative Model/AABC/sub-HCA9546190/anat/sub-HCA9546190_T1w.nii.gz,/mnt/NAS-Progetti/BrainAtrophy/Normative Model/AABC/derivatives/fastsurfer/sub-HCA9546190,AABC
HCA9546594,/mnt/NAS-Progetti/BrainAtrophy/Normative Model/AABC/sub-HCA9546594/anat/sub-HCA9546594_T1w.nii.gz,/mnt/NAS-Progetti/BrainAtrophy/Normative Model/AABC/derivatives/fastsurfer/sub-HCA9546594,AABC
HCA9575298,/mnt/NAS-Progetti/BrainAtrophy/Normative Model/AABC/sub-HCA9575298/anat/sub-HCA9575298_T1w.nii.gz,/mnt/NAS-Progetti/BrainAtrophy/Normative Model/AABC/derivatives/fastsurfer/sub-HCA9575298,AABC
HCA9586506,/mnt/NAS-Progetti/BrainAtrophy/Normative Model/AABC/sub-HCA9586506/anat/sub-HCA9586506_T1w.nii.gz,/mnt/NAS-Progetti/BrainAtrophy/Normative Model/AABC/derivatives/fastsurfer/sub-HCA9586506,AABC
HCA9589310,/mnt/NAS-Progetti/BrainAtrophy/Normative Model/AABC/sub-HCA9589310/anat/sub-HCA9589310_T1w.nii.gz,/mnt/NAS-Progetti/BrainAtrophy/Normative Model/AABC/derivatives/fastsurfer/sub-HCA9589310,AABC
HCA9601374,/mnt/NAS-Progetti/BrainAtrophy/Normative Model/AABC/sub-HCA9601374/anat/sub-HCA9601374_T1w.nii.gz,/mnt/NAS-Progetti/BrainAtrophy/Normative Model/AABC/derivatives/fastsurfer/sub-HCA9601374,AABC
HCA9603681,/mnt/NAS-Progetti/BrainAtrophy/Normative Model/AABC/sub-HCA9603681/anat/sub-HCA9603681_T1w.nii.gz,/mnt/NAS-Progetti/BrainAtrophy/Normative Model/AABC/derivatives/fastsurfer/sub-HCA9603681,AABC
HCA9617793,/mnt/NAS-Progetti/BrainAtrophy/Normative Model/AABC/sub-HCA9617793/anat/sub-HCA9617793_T1w.nii.gz,/mnt/NAS-Progetti/BrainAtrophy/Normative Model/AABC/derivatives/fastsurfer/sub-HCA9617793,AABC
HCA9626693,/mnt/NAS-Progetti/BrainAtrophy/Normative Model/AABC/sub-HCA9626693/anat/sub-HCA9626693_T1w.nii.gz,/mnt/NAS-Progetti/BrainAtrophy/Normative Model/AABC/derivatives/fastsurfer/sub-HCA9626693,AABC
HCA9630684,/mnt/NAS-Progetti/BrainAtrophy/Normative Model/AABC/sub-HCA9630684/anat/sub-HCA9630684_T1w.nii.gz,/mnt/NAS-Progetti/BrainAtrophy/Normative Model/AABC/derivatives/fastsurfer/sub-HCA9630684,AABC
HCA9636494,/mnt/NAS-Progetti/BrainAtrophy/Normative Model/AABC/sub-HCA9636494/anat/sub-HCA9636494_T1w.nii.gz,/mnt/NAS-Progetti/BrainAtrophy/Normative Model/AABC/derivatives/fastsurfer/sub-HCA9636494,AABC
HCA9661493,/mnt/NAS-Progetti/BrainAtrophy/Normative Model/AABC/sub-HCA9661493/anat/sub-HCA9661493_T1w.nii.gz,/mnt/NAS-Progetti/BrainAtrophy/Normative Model/AABC/derivatives/fastsurfer/sub-HCA9661493,AABC
HCA9677509,/mnt/NAS-Progetti/BrainAtrophy/Normative Model/AABC/sub-HCA9677509/anat/sub-HCA9677509_T1w.nii.gz,/mnt/NAS-Progetti/BrainAtrophy/Normative Model/AABC/derivatives/fastsurfer/sub-HCA9677509,AABC
HCA9688312,/mnt/NAS-Progetti/BrainAtrophy/Normative Model/AABC/sub-HCA9688312/anat/sub-HCA9688312_T1w.nii.gz,/mnt/NAS-Progetti/BrainAtrophy/Normative Model/AABC/derivatives/fastsurfer/sub-HCA9688312,AABC
HCA9703079,/mnt/NAS-Progetti/BrainAtrophy/Normative Model/AABC/sub-HCA9703079/anat/sub-HCA9703079_T1w.nii.gz,/mnt/NAS-Progetti/BrainAtrophy/Normative Model/AABC/derivatives/fastsurfer/sub-HCA9703079,AABC
HCA9705689,/mnt/NAS-Progetti/BrainAtrophy/Normative Model/AABC/sub-HCA9705689/anat/sub-HCA9705689_T1w.nii.gz,/mnt/NAS-Progetti/BrainAtrophy/Normative Model/AABC/derivatives/fastsurfer/sub-HCA9705689,AABC
HCA9708190,/mnt/NAS-Progetti/BrainAtrophy/Normative Model/AABC/sub-HCA9708190/anat/sub-HCA9708190_T1w.nii.gz,/mnt/NAS-Progetti/BrainAtrophy/Normative Model/AABC/derivatives/fastsurfer/sub-HCA9708190,AABC
HCA9717999,/mnt/NAS-Progetti/BrainAtrophy/Normative Model/AABC/sub-HCA9717999/anat/sub-HCA9717999_T1w.nii.gz,/mnt/NAS-Progetti/BrainAtrophy/Normative Model/AABC/derivatives/fastsurfer/sub-HCA9717999,AABC
HCA9726192,/mnt/NAS-Progetti/BrainAtrophy/Normative Model/AABC/sub-HCA9726192/anat/sub-HCA9726192_T1w.nii.gz,/mnt/NAS-Progetti/BrainAtrophy/Normative Model/AABC/derivatives/fastsurfer/sub-HCA9726192,AABC
HCA9729299,/mnt/NAS-Progetti/BrainAtrophy/Normative Model/AABC/sub-HCA9729299/anat/sub-HCA9729299_T1w.nii.gz,/mnt/NAS-Progetti/BrainAtrophy/Normative Model/AABC/derivatives/fastsurfer/sub-HCA9729299,AABC
HCA9734999,/mnt/NAS-Progetti/BrainAtrophy/Normative Model/AABC/sub-HCA9734999/anat/sub-HCA9734999_T1w.nii.gz,/mnt/NAS-Progetti/BrainAtrophy/Normative Model/AABC/derivatives/fastsurfer/sub-HCA9734999,AABC
HCA9735294,/mnt/NAS-Progetti/BrainAtrophy/Normative Model/AABC/sub-HCA9735294/anat/sub-HCA9735294_T1w.nii.gz,/mnt/NAS-Progetti/BrainAtrophy/Normative Model/AABC/derivatives/fastsurfer/sub-HCA9735294,AABC
HCA9744194,/mnt/NAS-Progetti/BrainAtrophy/Normative Model/AABC/sub-HCA9744194/anat/sub-HCA9744194_T1w.nii.gz,/mnt/NAS-Progetti/BrainAtrophy/Normative Model/AABC/derivatives/fastsurfer/sub-HCA9744194,AABC
HCA9747302,/mnt/NAS-Progetti/BrainAtrophy/Normative Model/AABC/sub-HCA9747302/anat/sub-HCA9747302_T1w.nii.gz,/mnt/NAS-Progetti/BrainAtrophy/Normative Model/AABC/derivatives/fastsurfer/sub-HCA9747302,AABC
HCA9769211,/mnt/NAS-Progetti/BrainAtrophy/Normative Model/AABC/sub-HCA9769211/anat/sub-HCA9769211_T1w.nii.gz,/mnt/NAS-Progetti/BrainAtrophy/Normative Model/AABC/derivatives/fastsurfer/sub-HCA9769211,AABC
HCA9786110,/mnt/NAS-Progetti/BrainAtrophy/Normative Model/AABC/sub-HCA9786110/anat/sub-HCA9786110_T1w.nii.gz,/mnt/NAS-Progetti/BrainAtrophy/Normative Model/AABC/derivatives/fastsurfer/sub-HCA9786110,AABC
HCA9794816,/mnt/NAS-Progetti/BrainAtrophy/Normative Model/AABC/sub-HCA9794816/anat/sub-HCA9794816_T1w.nii.gz,/mnt/NAS-Progetti/BrainAtrophy/Normative Model/AABC/derivatives/fastsurfer/sub-HCA9794816,AABC
HCA9796921,/mnt/NAS-Progetti/BrainAtrophy/Normative Model/AABC/sub-HCA9796921/anat/sub-HCA9796921_T1w.nii.gz,/mnt/NAS-Progetti/BrainAtrophy/Normative Model/AABC/derivatives/fastsurfer/sub-HCA9796921,AABC
HCA9800885,/mnt/NAS-Progetti/BrainAtrophy/Normative Model/AABC/sub-HCA9800885/anat/sub-HCA9800885_T1w.nii.gz,/mnt/NAS-Progetti/BrainAtrophy/Normative Model/AABC/derivatives/fastsurfer/sub-HCA9800885,AABC
HCA9816395,/mnt/NAS-Progetti/BrainAtrophy/Normative Model/AABC/sub-HCA9816395/anat/sub-HCA9816395_T1w.nii.gz,/mnt/NAS-Progetti/BrainAtrophy/Normative Model/AABC/derivatives/fastsurfer/sub-HCA9816395,AABC
HCA9818501,/mnt/NAS-Progetti/BrainAtrophy/Normative Model/AABC/sub-HCA9818501/anat/sub-HCA9818501_T1w.nii.gz,/mnt/NAS-Progetti/BrainAtrophy/Normative Model/AABC/derivatives/fastsurfer/sub-HCA9818501,AABC
HCA9854303,/mnt/NAS-Progetti/BrainAtrophy/Normative Model/AABC/sub-HCA9854303/anat/sub-HCA9854303_T1w.nii.gz,/mnt/NAS-Progetti/BrainAtrophy/Normative Model/AABC/derivatives/fastsurfer/sub-HCA9854303,AABC
HCA9865005,/mnt/NAS-Progetti/BrainAtrophy/Normative Model/AABC/sub-HCA9865005/anat/sub-HCA9865005_T1w.nii.gz,/mnt/NAS-Progetti/BrainAtrophy/Normative Model/AABC/derivatives/fastsurfer/sub-HCA9865005,AABC
HCA9872911,/mnt/NAS-Progetti/BrainAtrophy/Normative Model/AABC/sub-HCA9872911/anat/sub-HCA9872911_T1w.nii.gz,/mnt/NAS-Progetti/BrainAtrophy/Normative Model/AABC/derivatives/fastsurfer/sub-HCA9872911,AABC
HCA9874107,/mnt/NAS-Progetti/BrainAtrophy/Normative Model/AABC/sub-HCA9874107/anat/sub-HCA9874107_T1w.nii.gz,/mnt/NAS-Progetti/BrainAtrophy/Normative Model/AABC/derivatives/fastsurfer/sub-HCA9874107,AABC
HCA9878822,/mnt/NAS-Progetti/BrainAtrophy/Normative Model/AABC/sub-HCA9878822/anat/sub-HCA9878822_T1w.nii.gz,/mnt/NAS-Progetti/BrainAtrophy/Normative Model/AABC/derivatives/fastsurfer/sub-HCA9878822,AABC
HCA9882308,/mnt/NAS-Progetti/BrainAtrophy/Normative Model/AABC/sub-HCA9882308/anat/sub-HCA9882308_T1w.nii.gz,/mnt/NAS-Progetti/BrainAtrophy/Normative Model/AABC/derivatives/fastsurfer/sub-HCA9882308,AABC
HCA9894012,/mnt/NAS-Progetti/BrainAtrophy/Normative Model/AABC/sub-HCA9894012/anat/sub-HCA9894012_T1w.nii.gz,/mnt/NAS-Progetti/BrainAtrophy/Normative Model/AABC/derivatives/fastsurfer/sub-HCA9894012,AABC
HCA9901386,/mnt/NAS-Progetti/BrainAtrophy/Normative Model/AABC/sub-HCA9901386/anat/sub-HCA9901386_T1w.nii.gz,/mnt/NAS-Progetti/BrainAtrophy/Normative Model/AABC/derivatives/fastsurfer/sub-HCA9901386,AABC
HCA9908906,/mnt/NAS-Progetti/BrainAtrophy/Normative Model/AABC/sub-HCA9908906/anat/sub-HCA9908906_T1w.nii.gz,/mnt/NAS-Progetti/BrainAtrophy/Normative Model/AABC/derivatives/fastsurfer/sub-HCA9908906,AABC
HCA9912391,/mnt/NAS-Progetti/BrainAtrophy/Normative Model/AABC/sub-HCA9912391/anat/sub-HCA9912391_T1w.nii.gz,/mnt/NAS-Progetti/BrainAtrophy/Normative Model/AABC/derivatives/fastsurfer/sub-HCA9912391,AABC
HCA9913090,/mnt/NAS-Progetti/BrainAtrophy/Normative Model/AABC/sub-HCA9913090/anat/sub-HCA9913090_T1w.nii.gz,/mnt/NAS-Progetti/BrainAtrophy/Normative Model/AABC/derivatives/fastsurfer/sub-HCA9913090,AABC
HCA9914193,/mnt/NAS-Progetti/BrainAtrophy/Normative Model/AABC/sub-HCA9914193/anat/sub-HCA9914193_T1w.nii.gz,/mnt/NAS-Progetti/BrainAtrophy/Normative Model/AABC/derivatives/fastsurfer/sub-HCA9914193,AABC
HCA9922091,/mnt/NAS-Progetti/BrainAtrophy/Normative Model/AABC/sub-HCA9922091/anat/sub-HCA9922091_T1w.nii.gz,/mnt/NAS-Progetti/BrainAtrophy/Normative Model/AABC/derivatives/fastsurfer/sub-HCA9922091,AABC
HCA9938814,/mnt/NAS-Progetti/BrainAtrophy/Normative Model/AABC/sub-HCA9938814/anat/sub-HCA9938814_T1w.nii.gz,/mnt/NAS-Progetti/BrainAtrophy/Normative Model/AABC/derivatives/fastsurfer/sub-HCA9938814,AABC
HCA9947815,/mnt/NAS-Progetti/BrainAtrophy/Normative Model/AABC/sub-HCA9947815/anat/sub-HCA9947815_T1w.nii.gz,/mnt/NAS-Progetti/BrainAtrophy/Normative Model/AABC/derivatives/fastsurfer/sub-HCA9947815,AABC
HCA9953406,/mnt/NAS-Progetti/BrainAtrophy/Normative Model/AABC/sub-HCA9953406/anat/sub-HCA9953406_T1w.nii.gz,/mnt/NAS-Progetti/BrainAtrophy/Normative Model/AABC/derivatives/fastsurfer/sub-HCA9953406,AABC
HCA9964209,/mnt/NAS-Progetti/BrainAtrophy/Normative Model/AABC/sub-HCA9964209/anat/sub-HCA9964209_T1w.nii.gz,/mnt/NAS-Progetti/BrainAtrophy/Normative Model/AABC/derivatives/fastsurfer/sub-HCA9964209,AABC
HCA9974010,/mnt/NAS-Progetti/BrainAtrophy/Normative Model/AABC/sub-HCA9974010/anat/sub-HCA9974010_T1w.nii.gz,/mnt/NAS-Progetti/BrainAtrophy/Normative Model/AABC/derivatives/fastsurfer/sub-HCA9974010,AABC
HCA9988223,/mnt/NAS-Progetti/BrainAtrophy/Normative Model/AABC/sub-HCA9988223/anat/sub-HCA9988223_T1w.nii.gz,/mnt/NAS-Progetti/BrainAtrophy/Normative Model/AABC/derivatives/fastsurfer/sub-HCA9988223,AABC
HCA9992517,/mnt/NAS-Progetti/BrainAtrophy/Normative Model/AABC/sub-HCA9992517/anat/sub-HCA9992517_T1w.nii.gz,/mnt/NAS-Progetti/BrainAtrophy/Normative Model/AABC/derivatives/fastsurfer/sub-HCA9992517,AABC
HCA9998933,/mnt/NAS-Progetti/BrainAtrophy/Normative Model/AABC/sub-HCA9998933/anat/sub-HCA9998933_T1w.nii.gz,/mnt/NAS-Progetti/BrainAtrophy/Normative Model/AABC/derivatives/fastsurfer/sub-HCA9998933,AABC
